county,id,week,date,value,.lower,.upper,.width,.point,.interval
Alameda,1,1,2023-04-04,0.9251769941320948,0.756770750190649,1.1160499025126085,0.95,median,qi
Alameda,1,1,2023-04-05,0.9251769941320948,0.756770750190649,1.1160499025126085,0.95,median,qi
Alameda,1,1,2023-04-06,0.9251769941320948,0.756770750190649,1.1160499025126085,0.95,median,qi
Alameda,1,2,2023-04-11,0.8909483952540524,0.7301876638289154,1.0837442746401262,0.95,median,qi
Alameda,1,2,2023-04-12,0.8909483952540524,0.7301876638289154,1.0837442746401262,0.95,median,qi
Alameda,1,2,2023-04-13,0.8909483952540524,0.7301876638289154,1.0837442746401262,0.95,median,qi
Alameda,1,2,2023-04-14,0.8909483952540524,0.7301876638289154,1.0837442746401262,0.95,median,qi
Alameda,1,3,2023-04-18,0.8645016194553558,0.7148676907233475,1.0397872759157614,0.95,median,qi
Alameda,1,3,2023-04-19,0.8645016194553558,0.7148676907233475,1.0397872759157614,0.95,median,qi
Alameda,1,3,2023-04-20,0.8645016194553558,0.7148676907233475,1.0397872759157614,0.95,median,qi
Alameda,1,4,2023-04-25,0.8437774247984782,0.692288592677493,1.0164405279660045,0.95,median,qi
Alameda,1,4,2023-04-26,0.8437774247984782,0.692288592677493,1.0164405279660045,0.95,median,qi
Alameda,1,4,2023-04-27,0.8437774247984782,0.692288592677493,1.0164405279660045,0.95,median,qi
Alameda,1,5,2023-05-02,0.8348235104546207,0.6679933663326111,1.0258713011461,0.95,median,qi
Alameda,1,5,2023-05-03,0.8348235104546207,0.6679933663326111,1.0258713011461,0.95,median,qi
Alameda,1,5,2023-05-04,0.8348235104546207,0.6679933663326111,1.0258713011461,0.95,median,qi
Alameda,1,6,2023-05-09,0.8404815845675986,0.6569648569560231,1.0431188529518622,0.95,median,qi
Alameda,1,6,2023-05-10,0.8404815845675986,0.6569648569560231,1.0431188529518622,0.95,median,qi
Alameda,1,6,2023-05-11,0.8404815845675986,0.6569648569560231,1.0431188529518622,0.95,median,qi
Alameda,1,7,2023-05-16,0.8414856998121647,0.625437451979541,1.1128291450609604,0.95,median,qi
Alameda,1,7,2023-05-17,0.8414856998121647,0.625437451979541,1.1128291450609604,0.95,median,qi
Alameda,1,7,2023-05-18,0.8414856998121647,0.625437451979541,1.1128291450609604,0.95,median,qi
Alameda,1,8,2023-05-23,0.8424254850873851,0.590871296418992,1.1826622737367924,0.95,median,qi
Alameda,1,8,2023-05-24,0.8424254850873851,0.590871296418992,1.1826622737367924,0.95,median,qi
Alameda,1,8,2023-05-25,0.8424254850873851,0.590871296418992,1.1826622737367924,0.95,median,qi
Contra Costa,2,1,2023-04-03,0.933085095653731,0.7295933276299758,1.19345966075559,0.95,median,qi
Contra Costa,2,1,2023-04-04,0.933085095653731,0.7295933276299758,1.19345966075559,0.95,median,qi
Contra Costa,2,1,2023-04-06,0.933085095653731,0.7295933276299758,1.19345966075559,0.95,median,qi
Contra Costa,2,1,2023-04-07,0.933085095653731,0.7295933276299758,1.19345966075559,0.95,median,qi
Contra Costa,2,2,2023-04-10,0.9100321854547124,0.675429167370045,1.1958578321650173,0.95,median,qi
Contra Costa,2,2,2023-04-11,0.9100321854547124,0.675429167370045,1.1958578321650173,0.95,median,qi
Contra Costa,2,2,2023-04-13,0.9100321854547124,0.675429167370045,1.1958578321650173,0.95,median,qi
Contra Costa,2,2,2023-04-14,0.9100321854547124,0.675429167370045,1.1958578321650173,0.95,median,qi
Contra Costa,2,3,2023-04-17,0.8837327084986626,0.6609814910649342,1.1662027453717652,0.95,median,qi
Contra Costa,2,3,2023-04-18,0.8837327084986626,0.6609814910649342,1.1662027453717652,0.95,median,qi
Contra Costa,2,3,2023-04-20,0.8837327084986626,0.6609814910649342,1.1662027453717652,0.95,median,qi
Contra Costa,2,3,2023-04-21,0.8837327084986626,0.6609814910649342,1.1662027453717652,0.95,median,qi
Contra Costa,2,4,2023-04-24,0.8690348002122383,0.6174453797439503,1.1758146615392175,0.95,median,qi
Contra Costa,2,4,2023-04-25,0.8690348002122383,0.6174453797439503,1.1758146615392175,0.95,median,qi
Contra Costa,2,4,2023-04-27,0.8690348002122383,0.6174453797439503,1.1758146615392175,0.95,median,qi
Contra Costa,2,4,2023-04-28,0.8690348002122383,0.6174453797439503,1.1758146615392175,0.95,median,qi
Contra Costa,2,5,2023-05-01,0.8578796192561364,0.5940946140849702,1.185500311630333,0.95,median,qi
Contra Costa,2,5,2023-05-02,0.8578796192561364,0.5940946140849702,1.185500311630333,0.95,median,qi
Contra Costa,2,5,2023-05-04,0.8578796192561364,0.5940946140849702,1.185500311630333,0.95,median,qi
Contra Costa,2,5,2023-05-05,0.8578796192561364,0.5940946140849702,1.185500311630333,0.95,median,qi
Contra Costa,2,6,2023-05-08,0.8415450483904604,0.5600558819758644,1.2216194920432903,0.95,median,qi
Contra Costa,2,6,2023-05-09,0.8415450483904604,0.5600558819758644,1.2216194920432903,0.95,median,qi
Contra Costa,2,6,2023-05-11,0.8415450483904604,0.5600558819758644,1.2216194920432903,0.95,median,qi
Contra Costa,2,6,2023-05-12,0.8415450483904604,0.5600558819758644,1.2216194920432903,0.95,median,qi
Contra Costa,2,7,2023-05-15,0.8344700699546682,0.5410995076998223,1.2272652025117423,0.95,median,qi
Contra Costa,2,7,2023-05-16,0.8344700699546682,0.5410995076998223,1.2272652025117423,0.95,median,qi
Contra Costa,2,7,2023-05-18,0.8344700699546682,0.5410995076998223,1.2272652025117423,0.95,median,qi
Contra Costa,2,7,2023-05-19,0.8344700699546682,0.5410995076998223,1.2272652025117423,0.95,median,qi
Contra Costa,2,8,2023-05-22,0.8344153474988951,0.5110110287743502,1.2940190618765774,0.95,median,qi
Contra Costa,2,8,2023-05-23,0.8344153474988951,0.5110110287743502,1.2940190618765774,0.95,median,qi
Contra Costa,2,8,2023-05-25,0.8344153474988951,0.5110110287743502,1.2940190618765774,0.95,median,qi
Fresno,3,1,2023-04-02,1.030215398299798,0.8125154394914975,1.277378151359266,0.95,median,qi
Fresno,3,1,2023-04-03,1.030215398299798,0.8125154394914975,1.277378151359266,0.95,median,qi
Fresno,3,1,2023-04-04,1.030215398299798,0.8125154394914975,1.277378151359266,0.95,median,qi
Fresno,3,2,2023-04-09,1.0208956379798004,0.8000074636232897,1.3110929835542922,0.95,median,qi
Fresno,3,2,2023-04-10,1.0208956379798004,0.8000074636232897,1.3110929835542922,0.95,median,qi
Fresno,3,2,2023-04-11,1.0208956379798004,0.8000074636232897,1.3110929835542922,0.95,median,qi
Fresno,3,3,2023-04-16,1.0082394694807315,0.7971952943566514,1.2925639070348702,0.95,median,qi
Fresno,3,3,2023-04-17,1.0082394694807315,0.7971952943566514,1.2925639070348702,0.95,median,qi
Fresno,3,3,2023-04-18,1.0082394694807315,0.7971952943566514,1.2925639070348702,0.95,median,qi
Fresno,3,4,2023-04-23,0.9905517279802682,0.7568285621013185,1.2955244940542776,0.95,median,qi
Fresno,3,4,2023-04-24,0.9905517279802682,0.7568285621013185,1.2955244940542776,0.95,median,qi
Fresno,3,4,2023-04-25,0.9905517279802682,0.7568285621013185,1.2955244940542776,0.95,median,qi
Fresno,3,5,2023-04-30,0.9734250755363124,0.7453099323913023,1.2692580289700996,0.95,median,qi
Fresno,3,5,2023-05-01,0.9734250755363124,0.7453099323913023,1.2692580289700996,0.95,median,qi
Fresno,3,5,2023-05-02,0.9734250755363124,0.7453099323913023,1.2692580289700996,0.95,median,qi
Fresno,3,6,2023-05-07,0.9661083031110678,0.6884462019163913,1.339093212776025,0.95,median,qi
Fresno,3,6,2023-05-08,0.9661083031110678,0.6884462019163913,1.339093212776025,0.95,median,qi
Fresno,3,6,2023-05-09,0.9661083031110678,0.6884462019163913,1.339093212776025,0.95,median,qi
Fresno,3,7,2023-05-14,0.9632356012118588,0.6616011231124628,1.3520492462152585,0.95,median,qi
Fresno,3,7,2023-05-15,0.9632356012118588,0.6616011231124628,1.3520492462152585,0.95,median,qi
Fresno,3,7,2023-05-16,0.9632356012118588,0.6616011231124628,1.3520492462152585,0.95,median,qi
Fresno,3,8,2023-05-21,0.9581393568324624,0.6456111081636249,1.4252141226699124,0.95,median,qi
Fresno,3,8,2023-05-22,0.9581393568324624,0.6456111081636249,1.4252141226699124,0.95,median,qi
Fresno,3,8,2023-05-23,0.9581393568324624,0.6456111081636249,1.4252141226699124,0.95,median,qi
Imperial,4,1,2023-04-03,1.0635020158183672,0.8471257315345189,1.3339985786387272,0.95,median,qi
Imperial,4,1,2023-04-04,1.0635020158183672,0.8471257315345189,1.3339985786387272,0.95,median,qi
Imperial,4,2,2023-04-10,1.06163616909631,0.8334391765303586,1.318575973335599,0.95,median,qi
Imperial,4,2,2023-04-11,1.06163616909631,0.8334391765303586,1.318575973335599,0.95,median,qi
Imperial,4,2,2023-04-12,1.06163616909631,0.8334391765303586,1.318575973335599,0.95,median,qi
Imperial,4,3,2023-04-17,1.0093275876690415,0.7912462653116058,1.262851139299329,0.95,median,qi
Imperial,4,3,2023-04-18,1.0093275876690415,0.7912462653116058,1.262851139299329,0.95,median,qi
Imperial,4,3,2023-04-19,1.0093275876690415,0.7912462653116058,1.262851139299329,0.95,median,qi
Imperial,4,4,2023-04-24,0.938698725132724,0.7356506691444261,1.1904895666205264,0.95,median,qi
Imperial,4,4,2023-04-25,0.938698725132724,0.7356506691444261,1.1904895666205264,0.95,median,qi
Imperial,4,4,2023-04-26,0.938698725132724,0.7356506691444261,1.1904895666205264,0.95,median,qi
Imperial,4,5,2023-05-01,0.8874944530034252,0.6724017906214554,1.1379016107120303,0.95,median,qi
Imperial,4,5,2023-05-02,0.8874944530034252,0.6724017906214554,1.1379016107120303,0.95,median,qi
Imperial,4,5,2023-05-03,0.8874944530034252,0.6724017906214554,1.1379016107120303,0.95,median,qi
Imperial,4,6,2023-05-08,0.8370577054479205,0.5890180434167521,1.120956984441161,0.95,median,qi
Imperial,4,6,2023-05-09,0.8370577054479205,0.5890180434167521,1.120956984441161,0.95,median,qi
Imperial,4,6,2023-05-10,0.8370577054479205,0.5890180434167521,1.120956984441161,0.95,median,qi
Imperial,4,7,2023-05-17,0.8222527996479837,0.5418113010490632,1.1911249510327129,0.95,median,qi
Kern,5,1,2023-04-04,0.9683957033661712,0.7931561126881467,1.1811371750224255,0.95,median,qi
Kern,5,1,2023-04-05,0.9683957033661712,0.7931561126881467,1.1811371750224255,0.95,median,qi
Kern,5,1,2023-04-06,0.9683957033661712,0.7931561126881467,1.1811371750224255,0.95,median,qi
Kern,5,1,2023-04-07,0.9683957033661712,0.7931561126881467,1.1811371750224255,0.95,median,qi
Kern,5,2,2023-04-11,0.9528233378667246,0.7871439490093153,1.147663432392215,0.95,median,qi
Kern,5,2,2023-04-12,0.9528233378667246,0.7871439490093153,1.147663432392215,0.95,median,qi
Kern,5,2,2023-04-13,0.9528233378667246,0.7871439490093153,1.147663432392215,0.95,median,qi
Kern,5,2,2023-04-14,0.9528233378667246,0.7871439490093153,1.147663432392215,0.95,median,qi
Kern,5,3,2023-04-18,0.9330130736616952,0.7908113720907373,1.0925197258977983,0.95,median,qi
Kern,5,3,2023-04-19,0.9330130736616952,0.7908113720907373,1.0925197258977983,0.95,median,qi
Kern,5,3,2023-04-21,0.9330130736616952,0.7908113720907373,1.0925197258977983,0.95,median,qi
Kern,5,4,2023-04-25,0.918224999037119,0.7690321963827638,1.0815168638721415,0.95,median,qi
Kern,5,4,2023-04-26,0.918224999037119,0.7690321963827638,1.0815168638721415,0.95,median,qi
Kern,5,4,2023-04-27,0.918224999037119,0.7690321963827638,1.0815168638721415,0.95,median,qi
Kern,5,4,2023-04-28,0.918224999037119,0.7690321963827638,1.0815168638721415,0.95,median,qi
Kern,5,5,2023-05-02,0.8868656794370173,0.733258996655194,1.0577186704808157,0.95,median,qi
Kern,5,5,2023-05-03,0.8868656794370173,0.733258996655194,1.0577186704808157,0.95,median,qi
Kern,5,5,2023-05-04,0.8868656794370173,0.733258996655194,1.0577186704808157,0.95,median,qi
Kern,5,5,2023-05-05,0.8868656794370173,0.733258996655194,1.0577186704808157,0.95,median,qi
Kern,5,6,2023-05-09,0.8587637924766542,0.6908621075034397,1.0611244552430108,0.95,median,qi
Kern,5,6,2023-05-10,0.8587637924766542,0.6908621075034397,1.0611244552430108,0.95,median,qi
Kern,5,6,2023-05-11,0.8587637924766542,0.6908621075034397,1.0611244552430108,0.95,median,qi
Kern,5,6,2023-05-12,0.8587637924766542,0.6908621075034397,1.0611244552430108,0.95,median,qi
Kern,5,7,2023-05-16,0.8399702077024553,0.6329867531753014,1.0717011955726354,0.95,median,qi
Kern,5,7,2023-05-17,0.8399702077024553,0.6329867531753014,1.0717011955726354,0.95,median,qi
Kern,5,7,2023-05-18,0.8399702077024553,0.6329867531753014,1.0717011955726354,0.95,median,qi
Lake,6,1,2023-04-02,1.0537876706674127,0.7667695198945601,1.4173773522647406,0.95,median,qi
Lake,6,1,2023-04-03,1.0537876706674127,0.7667695198945601,1.4173773522647406,0.95,median,qi
Lake,6,1,2023-04-06,1.0537876706674127,0.7667695198945601,1.4173773522647406,0.95,median,qi
Lake,6,2,2023-04-10,1.0734840037465556,0.7067107636644656,1.6229658756480845,0.95,median,qi
Lake,6,2,2023-04-11,1.0734840037465556,0.7067107636644656,1.6229658756480845,0.95,median,qi
Lake,6,2,2023-04-13,1.0734840037465556,0.7067107636644656,1.6229658756480845,0.95,median,qi
Lake,6,3,2023-04-16,1.0802923637756503,0.6940007908075246,1.7439680501166632,0.95,median,qi
Lake,6,3,2023-04-17,1.0802923637756503,0.6940007908075246,1.7439680501166632,0.95,median,qi
Lake,6,3,2023-04-20,1.0802923637756503,0.6940007908075246,1.7439680501166632,0.95,median,qi
Lake,6,4,2023-04-23,1.107346167174232,0.6701109911355028,1.8013991647066774,0.95,median,qi
Lake,6,4,2023-04-24,1.107346167174232,0.6701109911355028,1.8013991647066774,0.95,median,qi
Lake,6,4,2023-04-27,1.107346167174232,0.6701109911355028,1.8013991647066774,0.95,median,qi
Lake,6,5,2023-04-30,1.1052876392468072,0.6720842624163148,1.8974096007985817,0.95,median,qi
Lake,6,5,2023-05-01,1.1052876392468072,0.6720842624163148,1.8974096007985817,0.95,median,qi
Lake,6,5,2023-05-04,1.1052876392468072,0.6720842624163148,1.8974096007985817,0.95,median,qi
Lake,6,6,2023-05-07,1.0905183880633684,0.6453846991175543,2.040471222650984,0.95,median,qi
Lake,6,6,2023-05-08,1.0905183880633684,0.6453846991175543,2.040471222650984,0.95,median,qi
Lake,6,6,2023-05-11,1.0905183880633684,0.6453846991175543,2.040471222650984,0.95,median,qi
Lake,6,7,2023-05-14,1.0967091821878907,0.6209730127525889,2.1320143010309263,0.95,median,qi
Lake,6,7,2023-05-16,1.0967091821878907,0.6209730127525889,2.1320143010309263,0.95,median,qi
Los Angeles,7,1,2023-04-02,1.0014774856197437,0.7984656639707458,1.2669922817138135,0.95,median,qi
Los Angeles,7,1,2023-04-03,1.0014774856197437,0.7984656639707458,1.2669922817138135,0.95,median,qi
Los Angeles,7,1,2023-04-04,1.0014774856197437,0.7984656639707458,1.2669922817138135,0.95,median,qi
Los Angeles,7,1,2023-04-05,1.0014774856197437,0.7984656639707458,1.2669922817138135,0.95,median,qi
Los Angeles,7,1,2023-04-06,1.0014774856197437,0.7984656639707458,1.2669922817138135,0.95,median,qi
Los Angeles,7,2,2023-04-09,0.9915278359141224,0.7880555563193068,1.2518298235333285,0.95,median,qi
Los Angeles,7,2,2023-04-10,0.9915278359141224,0.7880555563193068,1.2518298235333285,0.95,median,qi
Los Angeles,7,2,2023-04-11,0.9915278359141224,0.7880555563193068,1.2518298235333285,0.95,median,qi
Los Angeles,7,2,2023-04-12,0.9915278359141224,0.7880555563193068,1.2518298235333285,0.95,median,qi
Los Angeles,7,2,2023-04-14,0.9915278359141224,0.7880555563193068,1.2518298235333285,0.95,median,qi
Los Angeles,7,3,2023-04-16,0.9850052005506728,0.7658284444465479,1.23629171727815,0.95,median,qi
Los Angeles,7,3,2023-04-17,0.9850052005506728,0.7658284444465479,1.23629171727815,0.95,median,qi
Los Angeles,7,3,2023-04-18,0.9850052005506728,0.7658284444465479,1.23629171727815,0.95,median,qi
Los Angeles,7,3,2023-04-19,0.9850052005506728,0.7658284444465479,1.23629171727815,0.95,median,qi
Los Angeles,7,3,2023-04-20,0.9850052005506728,0.7658284444465479,1.23629171727815,0.95,median,qi
Los Angeles,7,4,2023-04-23,0.9541976938744172,0.7234147889781457,1.2348943149508926,0.95,median,qi
Los Angeles,7,4,2023-04-24,0.9541976938744172,0.7234147889781457,1.2348943149508926,0.95,median,qi
Los Angeles,7,4,2023-04-25,0.9541976938744172,0.7234147889781457,1.2348943149508926,0.95,median,qi
Los Angeles,7,4,2023-04-26,0.9541976938744172,0.7234147889781457,1.2348943149508926,0.95,median,qi
Los Angeles,7,4,2023-04-28,0.9541976938744172,0.7234147889781457,1.2348943149508926,0.95,median,qi
Los Angeles,7,5,2023-04-30,0.9303105335473651,0.6896423242530365,1.22439919338136,0.95,median,qi
Los Angeles,7,5,2023-05-01,0.9303105335473651,0.6896423242530365,1.22439919338136,0.95,median,qi
Los Angeles,7,5,2023-05-02,0.9303105335473651,0.6896423242530365,1.22439919338136,0.95,median,qi
Los Angeles,7,5,2023-05-03,0.9303105335473651,0.6896423242530365,1.22439919338136,0.95,median,qi
Los Angeles,7,5,2023-05-04,0.9303105335473651,0.6896423242530365,1.22439919338136,0.95,median,qi
Los Angeles,7,6,2023-05-07,0.9154897677131018,0.6608684541033059,1.2436811418362486,0.95,median,qi
Los Angeles,7,6,2023-05-08,0.9154897677131018,0.6608684541033059,1.2436811418362486,0.95,median,qi
Los Angeles,7,6,2023-05-09,0.9154897677131018,0.6608684541033059,1.2436811418362486,0.95,median,qi
Los Angeles,7,6,2023-05-10,0.9154897677131018,0.6608684541033059,1.2436811418362486,0.95,median,qi
Los Angeles,7,6,2023-05-11,0.9154897677131018,0.6608684541033059,1.2436811418362486,0.95,median,qi
Los Angeles,7,7,2023-05-14,0.9155361602868988,0.625003799239651,1.270932049786399,0.95,median,qi
Los Angeles,7,7,2023-05-15,0.9155361602868988,0.625003799239651,1.270932049786399,0.95,median,qi
Los Angeles,7,7,2023-05-16,0.9155361602868988,0.625003799239651,1.270932049786399,0.95,median,qi
Los Angeles,7,7,2023-05-17,0.9155361602868988,0.625003799239651,1.270932049786399,0.95,median,qi
Los Angeles,7,7,2023-05-18,0.9155361602868988,0.625003799239651,1.270932049786399,0.95,median,qi
Los Angeles,7,8,2023-05-21,0.9096162018365436,0.5911062608352073,1.3467500784656423,0.95,median,qi
Los Angeles,7,8,2023-05-22,0.9096162018365436,0.5911062608352073,1.3467500784656423,0.95,median,qi
Los Angeles,7,8,2023-05-23,0.9096162018365436,0.5911062608352073,1.3467500784656423,0.95,median,qi
Los Angeles,7,8,2023-05-25,0.9096162018365436,0.5911062608352073,1.3467500784656423,0.95,median,qi
Madera,8,1,2023-04-03,0.9014942594079652,0.7382328059663572,1.1020180850614112,0.95,median,qi
Madera,8,1,2023-04-05,0.9014942594079652,0.7382328059663572,1.1020180850614112,0.95,median,qi
Madera,8,1,2023-04-07,0.9014942594079652,0.7382328059663572,1.1020180850614112,0.95,median,qi
Madera,8,2,2023-04-10,0.8669046249082235,0.696747664957435,1.067526173013573,0.95,median,qi
Madera,8,2,2023-04-12,0.8669046249082235,0.696747664957435,1.067526173013573,0.95,median,qi
Madera,8,2,2023-04-14,0.8669046249082235,0.696747664957435,1.067526173013573,0.95,median,qi
Madera,8,3,2023-04-17,0.8722829540712062,0.7094004588998315,1.0765611545985203,0.95,median,qi
Madera,8,3,2023-04-19,0.8722829540712062,0.7094004588998315,1.0765611545985203,0.95,median,qi
Madera,8,3,2023-04-21,0.8722829540712062,0.7094004588998315,1.0765611545985203,0.95,median,qi
Madera,8,4,2023-04-24,0.8943277875474489,0.7267492751841608,1.0837056536372145,0.95,median,qi
Madera,8,4,2023-04-26,0.8943277875474489,0.7267492751841608,1.0837056536372145,0.95,median,qi
Madera,8,4,2023-04-28,0.8943277875474489,0.7267492751841608,1.0837056536372145,0.95,median,qi
Madera,8,5,2023-05-01,0.91483000822324545,0.7444553234240638,1.1219402701884171,0.95,median,qi
Madera,8,5,2023-05-05,0.91483000822324545,0.7444553234240638,1.1219402701884171,0.95,median,qi
Madera,8,6,2023-05-08,0.9118241572958676,0.7304843979398333,1.150462877217465,0.95,median,qi
Madera,8,6,2023-05-10,0.9118241572958676,0.7304843979398333,1.150462877217465,0.95,median,qi
Madera,8,6,2023-05-12,0.9118241572958676,0.7304843979398333,1.150462877217465,0.95,median,qi
Madera,8,7,2023-05-15,0.9026752218387264,0.7087165936536008,1.2125699005841224,0.95,median,qi
Madera,8,7,2023-05-17,0.9026752218387264,0.7087165936536008,1.2125699005841224,0.95,median,qi
Madera,8,7,2023-05-19,0.9026752218387264,0.7087165936536008,1.2125699005841224,0.95,median,qi
Marin,9,1,2023-04-02,1.2150050160108845,0.959028812418537,1.5720450256360885,0.95,median,qi
Marin,9,1,2023-04-03,1.2150050160108845,0.959028812418537,1.5720450256360885,0.95,median,qi
Marin,9,1,2023-04-04,1.2150050160108845,0.959028812418537,1.5720450256360885,0.95,median,qi
Marin,9,1,2023-04-05,1.2150050160108845,0.959028812418537,1.5720450256360885,0.95,median,qi
Marin,9,1,2023-04-06,1.2150050160108845,0.959028812418537,1.5720450256360885,0.95,median,qi
Marin,9,1,2023-04-07,1.2150050160108845,0.959028812418537,1.5720450256360885,0.95,median,qi
Marin,9,2,2023-04-09,1.2897805215509155,0.9886239421656652,1.701094685207939,0.95,median,qi
Marin,9,2,2023-04-10,1.2897805215509155,0.9886239421656652,1.701094685207939,0.95,median,qi
Marin,9,2,2023-04-11,1.2897805215509155,0.9886239421656652,1.701094685207939,0.95,median,qi
Marin,9,2,2023-04-12,1.2897805215509155,0.9886239421656652,1.701094685207939,0.95,median,qi
Marin,9,2,2023-04-13,1.2897805215509155,0.9886239421656652,1.701094685207939,0.95,median,qi
Marin,9,2,2023-04-14,1.2897805215509155,0.9886239421656652,1.701094685207939,0.95,median,qi
Marin,9,3,2023-04-16,1.345418776358248,0.9978746529774488,1.8194898319043675,0.95,median,qi
Marin,9,3,2023-04-17,1.345418776358248,0.9978746529774488,1.8194898319043675,0.95,median,qi
Marin,9,3,2023-04-18,1.345418776358248,0.9978746529774488,1.8194898319043675,0.95,median,qi
Marin,9,3,2023-04-19,1.345418776358248,0.9978746529774488,1.8194898319043675,0.95,median,qi
Marin,9,3,2023-04-20,1.345418776358248,0.9978746529774488,1.8194898319043675,0.95,median,qi
Marin,9,3,2023-04-21,1.345418776358248,0.9978746529774488,1.8194898319043675,0.95,median,qi
Marin,9,4,2023-04-23,1.3653090436368034,1.0016219162090725,1.8931623337598351,0.95,median,qi
Marin,9,4,2023-04-24,1.3653090436368034,1.0016219162090725,1.8931623337598351,0.95,median,qi
Marin,9,4,2023-04-25,1.3653090436368034,1.0016219162090725,1.8931623337598351,0.95,median,qi
Marin,9,4,2023-04-26,1.3653090436368034,1.0016219162090725,1.8931623337598351,0.95,median,qi
Marin,9,4,2023-04-27,1.3653090436368034,1.0016219162090725,1.8931623337598351,0.95,median,qi
Marin,9,4,2023-04-28,1.3653090436368034,1.0016219162090725,1.8931623337598351,0.95,median,qi
Marin,9,5,2023-04-30,1.3861877437178989,0.9949052686750316,2.0174491752998813,0.95,median,qi
Marin,9,5,2023-05-01,1.3861877437178989,0.9949052686750316,2.0174491752998813,0.95,median,qi
Marin,9,5,2023-05-02,1.3861877437178989,0.9949052686750316,2.0174491752998813,0.95,median,qi
Marin,9,5,2023-05-03,1.3861877437178989,0.9949052686750316,2.0174491752998813,0.95,median,qi
Marin,9,5,2023-05-04,1.3861877437178989,0.9949052686750316,2.0174491752998813,0.95,median,qi
Marin,9,5,2023-05-05,1.3861877437178989,0.9949052686750316,2.0174491752998813,0.95,median,qi
Marin,9,6,2023-05-07,1.3934207145063162,0.9385686055794892,2.053391576199113,0.95,median,qi
Marin,9,6,2023-05-08,1.3934207145063162,0.9385686055794892,2.053391576199113,0.95,median,qi
Marin,9,6,2023-05-09,1.3934207145063162,0.9385686055794892,2.053391576199113,0.95,median,qi
Marin,9,6,2023-05-10,1.3934207145063162,0.9385686055794892,2.053391576199113,0.95,median,qi
Marin,9,6,2023-05-12,1.3934207145063162,0.9385686055794892,2.053391576199113,0.95,median,qi
Marin,9,7,2023-05-14,1.4030817777577675,0.8870466770233335,2.171183138025067,0.95,median,qi
Marin,9,7,2023-05-15,1.4030817777577675,0.8870466770233335,2.171183138025067,0.95,median,qi
Marin,9,7,2023-05-16,1.4030817777577675,0.8870466770233335,2.171183138025067,0.95,median,qi
Marin,9,7,2023-05-17,1.4030817777577675,0.8870466770233335,2.171183138025067,0.95,median,qi
Marin,9,7,2023-05-18,1.4030817777577675,0.8870466770233335,2.171183138025067,0.95,median,qi
Marin,9,7,2023-05-19,1.4030817777577675,0.8870466770233335,2.171183138025067,0.95,median,qi
Marin,9,8,2023-05-22,1.41159220471655,0.8340917098596777,2.2318453789570016,0.95,median,qi
Marin,9,8,2023-05-23,1.41159220471655,0.8340917098596777,2.2318453789570016,0.95,median,qi
Marin,9,8,2023-05-24,1.41159220471655,0.8340917098596777,2.2318453789570016,0.95,median,qi
Merced,10,1,2023-04-04,0.993165928137324,0.8069539859123894,1.208917746882951,0.95,median,qi
Merced,10,1,2023-04-06,0.993165928137324,0.8069539859123894,1.208917746882951,0.95,median,qi
Merced,10,1,2023-04-07,0.993165928137324,0.8069539859123894,1.208917746882951,0.95,median,qi
Merced,10,2,2023-04-11,0.9779661847458708,0.7804505955258224,1.2064016733809892,0.95,median,qi
Merced,10,2,2023-04-13,0.9779661847458708,0.7804505955258224,1.2064016733809892,0.95,median,qi
Merced,10,2,2023-04-14,0.9779661847458708,0.7804505955258224,1.2064016733809892,0.95,median,qi
Merced,10,3,2023-04-18,0.9266514666252604,0.7623430760175263,1.1257356635550946,0.95,median,qi
Merced,10,3,2023-04-20,0.9266514666252604,0.7623430760175263,1.1257356635550946,0.95,median,qi
Merced,10,3,2023-04-21,0.9266514666252604,0.7623430760175263,1.1257356635550946,0.95,median,qi
Merced,10,4,2023-04-25,0.8505479440737496,0.6836182224358747,1.0373911687023618,0.95,median,qi
Merced,10,4,2023-04-27,0.8505479440737496,0.6836182224358747,1.0373911687023618,0.95,median,qi
Merced,10,5,2023-05-02,0.7699144241394806,0.6037576272561251,0.9540319005158632,0.95,median,qi
Merced,10,5,2023-05-04,0.7699144241394806,0.6037576272561251,0.9540319005158632,0.95,median,qi
Merced,10,5,2023-05-05,0.7699144241394806,0.6037576272561251,0.9540319005158632,0.95,median,qi
Merced,10,6,2023-05-09,0.7230094500287404,0.5345327493745325,0.9228580013364596,0.95,median,qi
Merced,10,6,2023-05-11,0.7230094500287404,0.5345327493745325,0.9228580013364596,0.95,median,qi
Merced,10,6,2023-05-12,0.7230094500287404,0.5345327493745325,0.9228580013364596,0.95,median,qi
Merced,10,7,2023-05-16,0.6984122126621086,0.48092300906077007,0.943776662954988,0.95,median,qi
Merced,10,7,2023-05-18,0.6984122126621086,0.48092300906077007,0.943776662954988,0.95,median,qi
Merced,10,7,2023-05-19,0.6984122126621086,0.48092300906077007,0.943776662954988,0.95,median,qi
Merced,10,8,2023-05-23,0.6994212156946962,0.456288051191741,0.995119834426086,0.95,median,qi
Merced,10,8,2023-05-25,0.6994212156946962,0.456288051191741,0.995119834426086,0.95,median,qi
Monterey,11,1,2023-04-03,0.9250066609345606,0.7449736850147486,1.1401928117311126,0.95,median,qi
Monterey,11,1,2023-04-04,0.9250066609345606,0.7449736850147486,1.1401928117311126,0.95,median,qi
Monterey,11,1,2023-04-06,0.9250066609345606,0.7449736850147486,1.1401928117311126,0.95,median,qi
Monterey,11,2,2023-04-10,0.8831370252625809,0.7138826270777509,1.0951597649062117,0.95,median,qi
Monterey,11,2,2023-04-11,0.8831370252625809,0.7138826270777509,1.0951597649062117,0.95,median,qi
Monterey,11,2,2023-04-14,0.8831370252625809,0.7138826270777509,1.0951597649062117,0.95,median,qi
Monterey,11,2,2023-04-16,0.8831370252625809,0.7138826270777509,1.0951597649062117,0.95,median,qi
Monterey,11,3,2023-04-19,0.8386318277811353,0.6650651925776472,1.0372328606238066,0.95,median,qi
Monterey,11,3,2023-04-20,0.8386318277811353,0.6650651925776472,1.0372328606238066,0.95,median,qi
Monterey,11,3,2023-04-23,0.8386318277811353,0.6650651925776472,1.0372328606238066,0.95,median,qi
Monterey,11,4,2023-04-25,0.8134549703913048,0.6338068264395709,0.9978721669462858,0.95,median,qi
Monterey,11,4,2023-04-27,0.8134549703913048,0.6338068264395709,0.9978721669462858,0.95,median,qi
Monterey,11,4,2023-04-30,0.8134549703913048,0.6338068264395709,0.9978721669462858,0.95,median,qi
Monterey,11,5,2023-05-02,0.806468012464226,0.6290623757517871,1.025181974075127,0.95,median,qi
Monterey,11,5,2023-05-04,0.806468012464226,0.6290623757517871,1.025181974075127,0.95,median,qi
Monterey,11,5,2023-05-07,0.806468012464226,0.6290623757517871,1.025181974075127,0.95,median,qi
Monterey,11,6,2023-05-09,0.8002791530786575,0.576089610019463,1.0385661948809213,0.95,median,qi
Monterey,11,6,2023-05-11,0.8002791530786575,0.576089610019463,1.0385661948809213,0.95,median,qi
Monterey,11,6,2023-05-14,0.8002791530786575,0.576089610019463,1.0385661948809213,0.95,median,qi
Monterey,11,7,2023-05-16,0.7925301954477115,0.5547656123531529,1.084374102748733,0.95,median,qi
Monterey,11,7,2023-05-18,0.7925301954477115,0.5547656123531529,1.084374102748733,0.95,median,qi
Monterey,11,8,2023-05-22,0.7912525917929937,0.5190397695889051,1.1224944934127816,0.95,median,qi
Monterey,11,8,2023-05-24,0.7912525917929937,0.5190397695889051,1.1224944934127816,0.95,median,qi
Napa,12,1,2023-04-03,1.0326380767558243,0.8337336650254981,1.2718573996426392,0.95,median,qi
Napa,12,1,2023-04-04,1.0326380767558243,0.8337336650254981,1.2718573996426392,0.95,median,qi
Napa,12,1,2023-04-06,1.0326380767558243,0.8337336650254981,1.2718573996426392,0.95,median,qi
Napa,12,2,2023-04-10,1.0041463498124503,0.8204423001105333,1.234093406441844,0.95,median,qi
Napa,12,2,2023-04-11,1.0041463498124503,0.8204423001105333,1.234093406441844,0.95,median,qi
Napa,12,2,2023-04-12,1.0041463498124503,0.8204423001105333,1.234093406441844,0.95,median,qi
Napa,12,2,2023-04-13,1.0041463498124503,0.8204423001105333,1.234093406441844,0.95,median,qi
Napa,12,2,2023-04-14,1.0041463498124503,0.8204423001105333,1.234093406441844,0.95,median,qi
Napa,12,3,2023-04-17,0.990767317925809,0.8152835269363017,1.1904890776441994,0.95,median,qi
Napa,12,3,2023-04-18,0.990767317925809,0.8152835269363017,1.1904890776441994,0.95,median,qi
Napa,12,3,2023-04-19,0.990767317925809,0.8152835269363017,1.1904890776441994,0.95,median,qi
Napa,12,3,2023-04-20,0.990767317925809,0.8152835269363017,1.1904890776441994,0.95,median,qi
Napa,12,3,2023-04-21,0.990767317925809,0.8152835269363017,1.1904890776441994,0.95,median,qi
Napa,12,4,2023-04-24,0.9698076136098268,0.7962857309215627,1.1611056562135884,0.95,median,qi
Napa,12,4,2023-04-25,0.9698076136098268,0.7962857309215627,1.1611056562135884,0.95,median,qi
Napa,12,4,2023-04-26,0.9698076136098268,0.7962857309215627,1.1611056562135884,0.95,median,qi
Napa,12,4,2023-04-27,0.9698076136098268,0.7962857309215627,1.1611056562135884,0.95,median,qi
Napa,12,4,2023-04-28,0.9698076136098268,0.7962857309215627,1.1611056562135884,0.95,median,qi
Napa,12,5,2023-05-01,0.9241957427828784,0.7549727950728499,1.1483719762907192,0.95,median,qi
Napa,12,5,2023-05-02,0.9241957427828784,0.7549727950728499,1.1483719762907192,0.95,median,qi
Napa,12,5,2023-05-03,0.9241957427828784,0.7549727950728499,1.1483719762907192,0.95,median,qi
Napa,12,5,2023-05-04,0.9241957427828784,0.7549727950728499,1.1483719762907192,0.95,median,qi
Napa,12,5,2023-05-05,0.9241957427828784,0.7549727950728499,1.1483719762907192,0.95,median,qi
Napa,12,6,2023-05-08,0.8853720956753257,0.6884630442858148,1.1225531633726975,0.95,median,qi
Napa,12,6,2023-05-09,0.8853720956753257,0.6884630442858148,1.1225531633726975,0.95,median,qi
Napa,12,6,2023-05-10,0.8853720956753257,0.6884630442858148,1.1225531633726975,0.95,median,qi
Napa,12,6,2023-05-11,0.8853720956753257,0.6884630442858148,1.1225531633726975,0.95,median,qi
Napa,12,6,2023-05-12,0.8853720956753257,0.6884630442858148,1.1225531633726975,0.95,median,qi
Napa,12,7,2023-05-15,0.870431189924736,0.6503481719882468,1.1617549691358608,0.95,median,qi
Napa,12,7,2023-05-16,0.870431189924736,0.6503481719882468,1.1617549691358608,0.95,median,qi
Napa,12,7,2023-05-17,0.870431189924736,0.6503481719882468,1.1617549691358608,0.95,median,qi
Napa,12,7,2023-05-18,0.870431189924736,0.6503481719882468,1.1617549691358608,0.95,median,qi
Napa,12,7,2023-05-19,0.870431189924736,0.6503481719882468,1.1617549691358608,0.95,median,qi
Napa,12,8,2023-05-22,0.8606369005348932,0.5988433031574887,1.205074850097511,0.95,median,qi
Napa,12,8,2023-05-24,0.8606369005348932,0.5988433031574887,1.205074850097511,0.95,median,qi
Orange,13,1,2023-04-02,0.9518646505645908,0.7815029902107051,1.168236835092608,0.95,median,qi
Orange,13,1,2023-04-03,0.9518646505645908,0.7815029902107051,1.168236835092608,0.95,median,qi
Orange,13,1,2023-04-05,0.9518646505645908,0.7815029902107051,1.168236835092608,0.95,median,qi
Orange,13,1,2023-04-07,0.9518646505645908,0.7815029902107051,1.168236835092608,0.95,median,qi
Orange,13,2,2023-04-09,0.9058907992848316,0.7463538505075646,1.0918180682012382,0.95,median,qi
Orange,13,2,2023-04-10,0.9058907992848316,0.7463538505075646,1.0918180682012382,0.95,median,qi
Orange,13,2,2023-04-12,0.9058907992848316,0.7463538505075646,1.0918180682012382,0.95,median,qi
Orange,13,2,2023-04-14,0.9058907992848316,0.7463538505075646,1.0918180682012382,0.95,median,qi
Orange,13,3,2023-04-16,0.8828119831942134,0.7444983520607829,1.0455034770708935,0.95,median,qi
Orange,13,3,2023-04-17,0.8828119831942134,0.7444983520607829,1.0455034770708935,0.95,median,qi
Orange,13,3,2023-04-19,0.8828119831942134,0.7444983520607829,1.0455034770708935,0.95,median,qi
Orange,13,3,2023-04-21,0.8828119831942134,0.7444983520607829,1.0455034770708935,0.95,median,qi
Orange,13,4,2023-04-23,0.8765305588067134,0.7414757328183009,1.0027932256331449,0.95,median,qi
Orange,13,4,2023-04-24,0.8765305588067134,0.7414757328183009,1.0027932256331449,0.95,median,qi
Orange,13,4,2023-04-26,0.8765305588067134,0.7414757328183009,1.0027932256331449,0.95,median,qi
Orange,13,4,2023-04-28,0.8765305588067134,0.7414757328183009,1.0027932256331449,0.95,median,qi
Orange,13,5,2023-04-30,0.8734431779492213,0.7398327501547594,1.0254542006562766,0.95,median,qi
Orange,13,5,2023-05-01,0.8734431779492213,0.7398327501547594,1.0254542006562766,0.95,median,qi
Orange,13,5,2023-05-03,0.8734431779492213,0.7398327501547594,1.0254542006562766,0.95,median,qi
Orange,13,5,2023-05-05,0.8734431779492213,0.7398327501547594,1.0254542006562766,0.95,median,qi
Orange,13,6,2023-05-07,0.8715077783282812,0.7272017846149522,1.023673929336049,0.95,median,qi
Orange,13,6,2023-05-08,0.8715077783282812,0.7272017846149522,1.023673929336049,0.95,median,qi
Orange,13,6,2023-05-10,0.8715077783282812,0.7272017846149522,1.023673929336049,0.95,median,qi
Orange,13,6,2023-05-12,0.8715077783282812,0.7272017846149522,1.023673929336049,0.95,median,qi
Orange,13,7,2023-05-14,0.8598618387573461,0.6755568427214088,1.0940970503248637,0.95,median,qi
Orange,13,7,2023-05-15,0.8598618387573461,0.6755568427214088,1.0940970503248637,0.95,median,qi
Orange,13,7,2023-05-17,0.8598618387573461,0.6755568427214088,1.0940970503248637,0.95,median,qi
Orange,13,7,2023-05-19,0.8598618387573461,0.6755568427214088,1.0940970503248637,0.95,median,qi
Orange,13,8,2023-05-22,0.8510778679598177,0.6237097505704494,1.1350166494557214,0.95,median,qi
Orange,13,8,2023-05-24,0.8510778679598177,0.6237097505704494,1.1350166494557214,0.95,median,qi
Plumas,14,1,2023-04-04,0.9823878143294076,0.7963363046924957,1.2104719700220947,0.95,median,qi
Plumas,14,1,2023-04-10,0.9823878143294076,0.7963363046924957,1.2104719700220947,0.95,median,qi
Plumas,14,3,2023-04-18,0.9514068826306028,0.780283670097751,1.180023103278559,0.95,median,qi
Plumas,14,4,2023-04-25,0.938106675396231,0.7560448681615539,1.1549835695871056,0.95,median,qi
Plumas,14,5,2023-05-02,0.8996615110806696,0.687504798672216,1.1610686442963598,0.95,median,qi
Plumas,14,6,2023-05-09,0.8862142743008002,0.6423321972045496,1.1773321568063182,0.95,median,qi
Plumas,14,7,2023-05-16,0.882374923290286,0.6006676260601174,1.2286806543762163,0.95,median,qi
Riverside,15,1,2023-04-03,1.1192881924048863,0.914817021113743,1.3908923404837756,0.95,median,qi
Riverside,15,1,2023-04-05,1.1192881924048863,0.914817021113743,1.3908923404837756,0.95,median,qi
Riverside,15,1,2023-04-07,1.1192881924048863,0.914817021113743,1.3908923404837756,0.95,median,qi
Riverside,15,2,2023-04-10,1.1436369033901173,0.9088913875937406,1.42593521820459,0.95,median,qi
Riverside,15,2,2023-04-12,1.1436369033901173,0.9088913875937406,1.42593521820459,0.95,median,qi
Riverside,15,2,2023-04-14,1.1436369033901173,0.9088913875937406,1.42593521820459,0.95,median,qi
Riverside,15,3,2023-04-17,1.1521289221615838,0.9268483083629416,1.4363065582471688,0.95,median,qi
Riverside,15,3,2023-04-19,1.1521289221615838,0.9268483083629416,1.4363065582471688,0.95,median,qi
Riverside,15,3,2023-04-20,1.1521289221615838,0.9268483083629416,1.4363065582471688,0.95,median,qi
Riverside,15,3,2023-04-21,1.1521289221615838,0.9268483083629416,1.4363065582471688,0.95,median,qi
Riverside,15,4,2023-04-24,1.1343985495382607,0.9108240958404354,1.4356020413253292,0.95,median,qi
Riverside,15,4,2023-04-26,1.1343985495382607,0.9108240958404354,1.4356020413253292,0.95,median,qi
Riverside,15,4,2023-04-28,1.1343985495382607,0.9108240958404354,1.4356020413253292,0.95,median,qi
Riverside,15,5,2023-05-01,1.1152492527913889,0.8766499470186645,1.420142392153718,0.95,median,qi
Riverside,15,5,2023-05-03,1.1152492527913889,0.8766499470186645,1.420142392153718,0.95,median,qi
Riverside,15,5,2023-05-05,1.1152492527913889,0.8766499470186645,1.420142392153718,0.95,median,qi
Riverside,15,6,2023-05-08,1.080684377780758,0.8164495482879305,1.434471907380253,0.95,median,qi
Riverside,15,6,2023-05-10,1.080684377780758,0.8164495482879305,1.434471907380253,0.95,median,qi
Riverside,15,6,2023-05-12,1.080684377780758,0.8164495482879305,1.434471907380253,0.95,median,qi
Riverside,15,7,2023-05-15,1.070400041141183,0.7816966551371862,1.478420393118668,0.95,median,qi
Riverside,15,7,2023-05-17,1.070400041141183,0.7816966551371862,1.478420393118668,0.95,median,qi
Riverside,15,7,2023-05-19,1.070400041141183,0.7816966551371862,1.478420393118668,0.95,median,qi
Riverside,15,8,2023-05-22,1.0724715809015042,0.7016807376929166,1.5524916976136172,0.95,median,qi
Riverside,15,8,2023-05-24,1.0724715809015042,0.7016807376929166,1.5524916976136172,0.95,median,qi
Sacramento,16,1,2023-04-01,1.0029052748487293,0.8224825259947935,1.2415810761320174,0.95,median,qi
Sacramento,16,1,2023-04-02,1.0029052748487293,0.8224825259947935,1.2415810761320174,0.95,median,qi
Sacramento,16,1,2023-04-03,1.0029052748487293,0.8224825259947935,1.2415810761320174,0.95,median,qi
Sacramento,16,1,2023-04-04,1.0029052748487293,0.8224825259947935,1.2415810761320174,0.95,median,qi
Sacramento,16,1,2023-04-05,1.0029052748487293,0.8224825259947935,1.2415810761320174,0.95,median,qi
Sacramento,16,1,2023-04-06,1.0029052748487293,0.8224825259947935,1.2415810761320174,0.95,median,qi
Sacramento,16,1,2023-04-07,1.0029052748487293,0.8224825259947935,1.2415810761320174,0.95,median,qi
Sacramento,16,2,2023-04-08,0.974572071899757,0.7867375291984776,1.2177941237867242,0.95,median,qi
Sacramento,16,2,2023-04-09,0.974572071899757,0.7867375291984776,1.2177941237867242,0.95,median,qi
Sacramento,16,2,2023-04-10,0.974572071899757,0.7867375291984776,1.2177941237867242,0.95,median,qi
Sacramento,16,2,2023-04-11,0.974572071899757,0.7867375291984776,1.2177941237867242,0.95,median,qi
Sacramento,16,2,2023-04-12,0.974572071899757,0.7867375291984776,1.2177941237867242,0.95,median,qi
Sacramento,16,2,2023-04-13,0.974572071899757,0.7867375291984776,1.2177941237867242,0.95,median,qi
Sacramento,16,2,2023-04-14,0.974572071899757,0.7867375291984776,1.2177941237867242,0.95,median,qi
Sacramento,16,3,2023-04-15,0.9252991141162406,0.7617296994481688,1.1319874811583772,0.95,median,qi
Sacramento,16,3,2023-04-16,0.9252991141162406,0.7617296994481688,1.1319874811583772,0.95,median,qi
Sacramento,16,3,2023-04-17,0.9252991141162406,0.7617296994481688,1.1319874811583772,0.95,median,qi
Sacramento,16,3,2023-04-18,0.9252991141162406,0.7617296994481688,1.1319874811583772,0.95,median,qi
Sacramento,16,3,2023-04-19,0.9252991141162406,0.7617296994481688,1.1319874811583772,0.95,median,qi
Sacramento,16,3,2023-04-20,0.9252991141162406,0.7617296994481688,1.1319874811583772,0.95,median,qi
Sacramento,16,3,2023-04-21,0.9252991141162406,0.7617296994481688,1.1319874811583772,0.95,median,qi
Sacramento,16,4,2023-04-22,0.8826768777013747,0.7289013802404958,1.064022557916778,0.95,median,qi
Sacramento,16,4,2023-04-23,0.8826768777013747,0.7289013802404958,1.064022557916778,0.95,median,qi
Sacramento,16,4,2023-04-24,0.8826768777013747,0.7289013802404958,1.064022557916778,0.95,median,qi
Sacramento,16,4,2023-04-25,0.8826768777013747,0.7289013802404958,1.064022557916778,0.95,median,qi
Sacramento,16,4,2023-04-26,0.8826768777013747,0.7289013802404958,1.064022557916778,0.95,median,qi
Sacramento,16,4,2023-04-27,0.8826768777013747,0.7289013802404958,1.064022557916778,0.95,median,qi
Sacramento,16,4,2023-04-28,0.8826768777013747,0.7289013802404958,1.064022557916778,0.95,median,qi
Sacramento,16,5,2023-04-29,0.844783872379573,0.6810285568418598,1.0328276947492638,0.95,median,qi
Sacramento,16,5,2023-04-30,0.844783872379573,0.6810285568418598,1.0328276947492638,0.95,median,qi
Sacramento,16,5,2023-05-01,0.844783872379573,0.6810285568418598,1.0328276947492638,0.95,median,qi
Sacramento,16,5,2023-05-02,0.844783872379573,0.6810285568418598,1.0328276947492638,0.95,median,qi
Sacramento,16,5,2023-05-03,0.844783872379573,0.6810285568418598,1.0328276947492638,0.95,median,qi
Sacramento,16,5,2023-05-04,0.844783872379573,0.6810285568418598,1.0328276947492638,0.95,median,qi
Sacramento,16,5,2023-05-05,0.844783872379573,0.6810285568418598,1.0328276947492638,0.95,median,qi
Sacramento,16,6,2023-05-06,0.8278280682467176,0.6537651843089428,1.0314066130668555,0.95,median,qi
Sacramento,16,6,2023-05-07,0.8278280682467176,0.6537651843089428,1.0314066130668555,0.95,median,qi
Sacramento,16,6,2023-05-08,0.8278280682467176,0.6537651843089428,1.0314066130668555,0.95,median,qi
Sacramento,16,6,2023-05-09,0.8278280682467176,0.6537651843089428,1.0314066130668555,0.95,median,qi
Sacramento,16,6,2023-05-10,0.8278280682467176,0.6537651843089428,1.0314066130668555,0.95,median,qi
Sacramento,16,6,2023-05-11,0.8278280682467176,0.6537651843089428,1.0314066130668555,0.95,median,qi
Sacramento,16,6,2023-05-12,0.8278280682467176,0.6537651843089428,1.0314066130668555,0.95,median,qi
Sacramento,16,7,2023-05-13,0.8486752422082632,0.6316971042931044,1.0840423026901922,0.95,median,qi
Sacramento,16,7,2023-05-14,0.8486752422082632,0.6316971042931044,1.0840423026901922,0.95,median,qi
Sacramento,16,7,2023-05-15,0.8486752422082632,0.6316971042931044,1.0840423026901922,0.95,median,qi
Sacramento,16,7,2023-05-16,0.8486752422082632,0.6316971042931044,1.0840423026901922,0.95,median,qi
Sacramento,16,7,2023-05-17,0.8486752422082632,0.6316971042931044,1.0840423026901922,0.95,median,qi
Sacramento,16,7,2023-05-18,0.8486752422082632,0.6316971042931044,1.0840423026901922,0.95,median,qi
Sacramento,16,7,2023-05-19,0.8486752422082632,0.6316971042931044,1.0840423026901922,0.95,median,qi
Sacramento,16,8,2023-05-20,0.858757856732135,0.6038030387209721,1.168099217493892,0.95,median,qi
Sacramento,16,8,2023-05-21,0.858757856732135,0.6038030387209721,1.168099217493892,0.95,median,qi
Sacramento,16,8,2023-05-22,0.858757856732135,0.6038030387209721,1.168099217493892,0.95,median,qi
Sacramento,16,8,2023-05-23,0.858757856732135,0.6038030387209721,1.168099217493892,0.95,median,qi
Sacramento,16,8,2023-05-24,0.858757856732135,0.6038030387209721,1.168099217493892,0.95,median,qi
Sacramento,16,8,2023-05-25,0.858757856732135,0.6038030387209721,1.168099217493892,0.95,median,qi
Sacramento,16,8,2023-05-26,0.858757856732135,0.6038030387209721,1.168099217493892,0.95,median,qi
San Benito,17,1,2023-04-05,1.07620147693365,0.8334730080834702,1.3916779508951695,0.95,median,qi
San Benito,17,1,2023-04-07,1.07620147693365,0.8334730080834702,1.3916779508951695,0.95,median,qi
San Benito,17,1,2023-04-10,1.07620147693365,0.8334730080834702,1.3916779508951695,0.95,median,qi
San Benito,17,2,2023-04-12,1.0943149674216004,0.8176476773314396,1.4170054154949787,0.95,median,qi
San Benito,17,2,2023-04-14,1.0943149674216004,0.8176476773314396,1.4170054154949787,0.95,median,qi
San Benito,17,2,2023-04-17,1.0943149674216004,0.8176476773314396,1.4170054154949787,0.95,median,qi
San Benito,17,3,2023-04-19,1.083071862463278,0.7895985304899441,1.460749357178851,0.95,median,qi
San Benito,17,3,2023-04-21,1.083071862463278,0.7895985304899441,1.460749357178851,0.95,median,qi
San Benito,17,3,2023-04-24,1.083071862463278,0.7895985304899441,1.460749357178851,0.95,median,qi
San Benito,17,4,2023-04-26,1.062288704644077,0.7722182446086403,1.453698798323182,0.95,median,qi
San Benito,17,4,2023-04-28,1.062288704644077,0.7722182446086403,1.453698798323182,0.95,median,qi
San Benito,17,4,2023-05-01,1.062288704644077,0.7722182446086403,1.453698798323182,0.95,median,qi
San Benito,17,5,2023-05-08,1.0507563612912962,0.7446141985365647,1.4502366399346966,0.95,median,qi
San Benito,17,6,2023-05-10,1.0589608189427804,0.7175143771288307,1.551315905691908,0.95,median,qi
San Benito,17,6,2023-05-12,1.0589608189427804,0.7175143771288307,1.551315905691908,0.95,median,qi
San Benito,17,6,2023-05-15,1.0589608189427804,0.7175143771288307,1.551315905691908,0.95,median,qi
San Benito,17,7,2023-05-17,1.0555178538870065,0.7091731484951436,1.647247668377435,0.95,median,qi
San Benito,17,7,2023-05-19,1.0555178538870065,0.7091731484951436,1.647247668377435,0.95,median,qi
San Benito,17,7,2023-05-22,1.0555178538870065,0.7091731484951436,1.647247668377435,0.95,median,qi
San Benito,17,8,2023-05-24,1.0562344608211287,0.6589180970578015,1.6454264325789725,0.95,median,qi
San Bernardino,18,1,2023-04-03,1.0001479590411315,0.8205261689722128,1.2213264288862549,0.95,median,qi
San Bernardino,18,1,2023-04-04,1.0001479590411315,0.8205261689722128,1.2213264288862549,0.95,median,qi
San Bernardino,18,1,2023-04-05,1.0001479590411315,0.8205261689722128,1.2213264288862549,0.95,median,qi
San Bernardino,18,1,2023-04-06,1.0001479590411315,0.8205261689722128,1.2213264288862549,0.95,median,qi
San Bernardino,18,2,2023-04-10,0.9954218408739658,0.8322576047941318,1.2278288066516565,0.95,median,qi
San Bernardino,18,2,2023-04-11,0.9954218408739658,0.8322576047941318,1.2278288066516565,0.95,median,qi
San Bernardino,18,2,2023-04-12,0.9954218408739658,0.8322576047941318,1.2278288066516565,0.95,median,qi
San Bernardino,18,2,2023-04-13,0.9954218408739658,0.8322576047941318,1.2278288066516565,0.95,median,qi
San Bernardino,18,3,2023-04-17,1.0409551885430113,0.8875867640939961,1.2408957270528276,0.95,median,qi
San Bernardino,18,3,2023-04-18,1.0409551885430113,0.8875867640939961,1.2408957270528276,0.95,median,qi
San Bernardino,18,3,2023-04-19,1.0409551885430113,0.8875867640939961,1.2408957270528276,0.95,median,qi
San Bernardino,18,3,2023-04-20,1.0409551885430113,0.8875867640939961,1.2408957270528276,0.95,median,qi
San Bernardino,18,4,2023-04-24,1.0776406694247986,0.9335875818510768,1.307662654525969,0.95,median,qi
San Bernardino,18,4,2023-04-25,1.0776406694247986,0.9335875818510768,1.307662654525969,0.95,median,qi
San Bernardino,18,4,2023-04-26,1.0776406694247986,0.9335875818510768,1.307662654525969,0.95,median,qi
San Bernardino,18,4,2023-04-27,1.0776406694247986,0.9335875818510768,1.307662654525969,0.95,median,qi
San Bernardino,18,5,2023-05-01,1.0502498403986065,0.8881682783832169,1.2435412303667328,0.95,median,qi
San Bernardino,18,5,2023-05-02,1.0502498403986065,0.8881682783832169,1.2435412303667328,0.95,median,qi
San Bernardino,18,5,2023-05-03,1.0502498403986065,0.8881682783832169,1.2435412303667328,0.95,median,qi
San Bernardino,18,5,2023-05-04,1.0502498403986065,0.8881682783832169,1.2435412303667328,0.95,median,qi
San Bernardino,18,6,2023-05-08,0.9641167019492426,0.805447466557277,1.1403232941331691,0.95,median,qi
San Bernardino,18,6,2023-05-09,0.9641167019492426,0.805447466557277,1.1403232941331691,0.95,median,qi
San Bernardino,18,6,2023-05-10,0.9641167019492426,0.805447466557277,1.1403232941331691,0.95,median,qi
San Bernardino,18,6,2023-05-11,0.9641167019492426,0.805447466557277,1.1403232941331691,0.95,median,qi
San Bernardino,18,7,2023-05-15,0.8991845629151596,0.6902198048997028,1.120209820098664,0.95,median,qi
San Bernardino,18,7,2023-05-16,0.8991845629151596,0.6902198048997028,1.120209820098664,0.95,median,qi
San Bernardino,18,7,2023-05-17,0.8991845629151596,0.6902198048997028,1.120209820098664,0.95,median,qi
San Bernardino,18,7,2023-05-18,0.8991845629151596,0.6902198048997028,1.120209820098664,0.95,median,qi
San Bernardino,18,8,2023-05-22,0.8811994188087328,0.6497346310969863,1.1721793760598689,0.95,median,qi
San Bernardino,18,8,2023-05-23,0.8811994188087328,0.6497346310969863,1.1721793760598689,0.95,median,qi
San Bernardino,18,8,2023-05-24,0.8811994188087328,0.6497346310969863,1.1721793760598689,0.95,median,qi
San Bernardino,18,8,2023-05-25,0.8811994188087328,0.6497346310969863,1.1721793760598689,0.95,median,qi
San Diego,19,1,2023-04-02,0.9410308172513492,0.744980620964664,1.1895758650077872,0.95,median,qi
San Diego,19,1,2023-04-03,0.9410308172513492,0.744980620964664,1.1895758650077872,0.95,median,qi
San Diego,19,1,2023-04-05,0.9410308172513492,0.744980620964664,1.1895758650077872,0.95,median,qi
San Diego,19,2,2023-04-09,0.9030005171358542,0.7148982709981085,1.1471052173762812,0.95,median,qi
San Diego,19,2,2023-04-10,0.9030005171358542,0.7148982709981085,1.1471052173762812,0.95,median,qi
San Diego,19,2,2023-04-12,0.9030005171358542,0.7148982709981085,1.1471052173762812,0.95,median,qi
San Diego,19,3,2023-04-16,0.8923555780991783,0.6872193450914487,1.1173669130030182,0.95,median,qi
San Diego,19,3,2023-04-17,0.8923555780991783,0.6872193450914487,1.1173669130030182,0.95,median,qi
San Diego,19,3,2023-04-19,0.8923555780991783,0.6872193450914487,1.1173669130030182,0.95,median,qi
San Diego,19,4,2023-04-23,0.8832122632201319,0.681743287871035,1.1479858345336609,0.95,median,qi
San Diego,19,4,2023-04-26,0.8832122632201319,0.681743287871035,1.1479858345336609,0.95,median,qi
San Diego,19,5,2023-04-30,0.8776426359094299,0.6479319134479463,1.13817318597677,0.95,median,qi
San Diego,19,5,2023-05-01,0.8776426359094299,0.6479319134479463,1.13817318597677,0.95,median,qi
San Diego,19,5,2023-05-03,0.8776426359094299,0.6479319134479463,1.13817318597677,0.95,median,qi
San Diego,19,6,2023-05-07,0.8600570905831852,0.616426948122119,1.169126127518171,0.95,median,qi
San Diego,19,6,2023-05-08,0.8600570905831852,0.616426948122119,1.169126127518171,0.95,median,qi
San Diego,19,7,2023-05-14,0.8462922546304239,0.5900000271697108,1.216143275869279,0.95,median,qi
San Diego,19,7,2023-05-15,0.8462922546304239,0.5900000271697108,1.216143275869279,0.95,median,qi
San Diego,19,7,2023-05-17,0.8462922546304239,0.5900000271697108,1.216143275869279,0.95,median,qi
San Diego,19,8,2023-05-21,0.8372916510214423,0.5465690165995749,1.2855277181389286,0.95,median,qi
San Diego,19,8,2023-05-22,0.8372916510214423,0.5465690165995749,1.2855277181389286,0.95,median,qi
San Francisco,20,1,2023-04-01,1.0781944978045357,0.8578734449866796,1.3555113891716628,0.95,median,qi
San Francisco,20,1,2023-04-02,1.0781944978045357,0.8578734449866796,1.3555113891716628,0.95,median,qi
San Francisco,20,1,2023-04-03,1.0781944978045357,0.8578734449866796,1.3555113891716628,0.95,median,qi
San Francisco,20,1,2023-04-04,1.0781944978045357,0.8578734449866796,1.3555113891716628,0.95,median,qi
San Francisco,20,1,2023-04-05,1.0781944978045357,0.8578734449866796,1.3555113891716628,0.95,median,qi
San Francisco,20,1,2023-04-06,1.0781944978045357,0.8578734449866796,1.3555113891716628,0.95,median,qi
San Francisco,20,1,2023-04-07,1.0781944978045357,0.8578734449866796,1.3555113891716628,0.95,median,qi
San Francisco,20,2,2023-04-08,1.0935064006953,0.8585611830498789,1.3971613326750525,0.95,median,qi
San Francisco,20,2,2023-04-09,1.0935064006953,0.8585611830498789,1.3971613326750525,0.95,median,qi
San Francisco,20,2,2023-04-10,1.0935064006953,0.8585611830498789,1.3971613326750525,0.95,median,qi
San Francisco,20,2,2023-04-11,1.0935064006953,0.8585611830498789,1.3971613326750525,0.95,median,qi
San Francisco,20,2,2023-04-12,1.0935064006953,0.8585611830498789,1.3971613326750525,0.95,median,qi
San Francisco,20,2,2023-04-13,1.0935064006953,0.8585611830498789,1.3971613326750525,0.95,median,qi
San Francisco,20,2,2023-04-14,1.0935064006953,0.8585611830498789,1.3971613326750525,0.95,median,qi
San Francisco,20,3,2023-04-15,1.1042661355628067,0.8569228657976905,1.3951452984461807,0.95,median,qi
San Francisco,20,3,2023-04-16,1.1042661355628067,0.8569228657976905,1.3951452984461807,0.95,median,qi
San Francisco,20,3,2023-04-17,1.1042661355628067,0.8569228657976905,1.3951452984461807,0.95,median,qi
San Francisco,20,3,2023-04-18,1.1042661355628067,0.8569228657976905,1.3951452984461807,0.95,median,qi
San Francisco,20,3,2023-04-19,1.1042661355628067,0.8569228657976905,1.3951452984461807,0.95,median,qi
San Francisco,20,3,2023-04-20,1.1042661355628067,0.8569228657976905,1.3951452984461807,0.95,median,qi
San Francisco,20,3,2023-04-21,1.1042661355628067,0.8569228657976905,1.3951452984461807,0.95,median,qi
San Francisco,20,4,2023-04-22,1.1102196167106948,0.8580170067552642,1.4306756595813603,0.95,median,qi
San Francisco,20,4,2023-04-23,1.1102196167106948,0.8580170067552642,1.4306756595813603,0.95,median,qi
San Francisco,20,4,2023-04-24,1.1102196167106948,0.8580170067552642,1.4306756595813603,0.95,median,qi
San Francisco,20,4,2023-04-25,1.1102196167106948,0.8580170067552642,1.4306756595813603,0.95,median,qi
San Francisco,20,4,2023-04-26,1.1102196167106948,0.8580170067552642,1.4306756595813603,0.95,median,qi
San Francisco,20,4,2023-04-27,1.1102196167106948,0.8580170067552642,1.4306756595813603,0.95,median,qi
San Francisco,20,4,2023-04-28,1.1102196167106948,0.8580170067552642,1.4306756595813603,0.95,median,qi
San Francisco,20,5,2023-04-29,1.116594365340708,0.8410403331519021,1.4593000250696413,0.95,median,qi
San Francisco,20,5,2023-04-30,1.116594365340708,0.8410403331519021,1.4593000250696413,0.95,median,qi
San Francisco,20,5,2023-05-01,1.116594365340708,0.8410403331519021,1.4593000250696413,0.95,median,qi
San Francisco,20,5,2023-05-02,1.116594365340708,0.8410403331519021,1.4593000250696413,0.95,median,qi
San Francisco,20,5,2023-05-03,1.116594365340708,0.8410403331519021,1.4593000250696413,0.95,median,qi
San Francisco,20,5,2023-05-04,1.116594365340708,0.8410403331519021,1.4593000250696413,0.95,median,qi
San Francisco,20,5,2023-05-05,1.116594365340708,0.8410403331519021,1.4593000250696413,0.95,median,qi
San Francisco,20,6,2023-05-06,1.0933895624204175,0.7861197301079066,1.509755583064758,0.95,median,qi
San Francisco,20,6,2023-05-07,1.0933895624204175,0.7861197301079066,1.509755583064758,0.95,median,qi
San Francisco,20,6,2023-05-08,1.0933895624204175,0.7861197301079066,1.509755583064758,0.95,median,qi
San Francisco,20,6,2023-05-09,1.0933895624204175,0.7861197301079066,1.509755583064758,0.95,median,qi
San Francisco,20,6,2023-05-10,1.0933895624204175,0.7861197301079066,1.509755583064758,0.95,median,qi
San Francisco,20,6,2023-05-11,1.0933895624204175,0.7861197301079066,1.509755583064758,0.95,median,qi
San Francisco,20,6,2023-05-12,1.0933895624204175,0.7861197301079066,1.509755583064758,0.95,median,qi
San Francisco,20,7,2023-05-13,1.0996875902580845,0.7534184459907813,1.6426356205238066,0.95,median,qi
San Francisco,20,7,2023-05-14,1.0996875902580845,0.7534184459907813,1.6426356205238066,0.95,median,qi
San Francisco,20,7,2023-05-15,1.0996875902580845,0.7534184459907813,1.6426356205238066,0.95,median,qi
San Francisco,20,7,2023-05-16,1.0996875902580845,0.7534184459907813,1.6426356205238066,0.95,median,qi
San Francisco,20,7,2023-05-17,1.0996875902580845,0.7534184459907813,1.6426356205238066,0.95,median,qi
San Francisco,20,7,2023-05-18,1.0996875902580845,0.7534184459907813,1.6426356205238066,0.95,median,qi
San Francisco,20,7,2023-05-19,1.0996875902580845,0.7534184459907813,1.6426356205238066,0.95,median,qi
San Francisco,20,8,2023-05-20,1.0989001868225228,0.714463654221139,1.7142027074218211,0.95,median,qi
San Francisco,20,8,2023-05-21,1.0989001868225228,0.714463654221139,1.7142027074218211,0.95,median,qi
San Francisco,20,8,2023-05-22,1.0989001868225228,0.714463654221139,1.7142027074218211,0.95,median,qi
San Francisco,20,8,2023-05-23,1.0989001868225228,0.714463654221139,1.7142027074218211,0.95,median,qi
San Francisco,20,8,2023-05-24,1.0989001868225228,0.714463654221139,1.7142027074218211,0.95,median,qi
San Francisco,20,8,2023-05-25,1.0989001868225228,0.714463654221139,1.7142027074218211,0.95,median,qi
San Francisco,20,8,2023-05-26,1.0989001868225228,0.714463654221139,1.7142027074218211,0.95,median,qi
San Joaquin,21,1,2023-04-03,0.955716920185977,0.7740750576000016,1.2146104459261875,0.95,median,qi
San Joaquin,21,1,2023-04-04,0.955716920185977,0.7740750576000016,1.2146104459261875,0.95,median,qi
San Joaquin,21,1,2023-04-09,0.955716920185977,0.7740750576000016,1.2146104459261875,0.95,median,qi
San Joaquin,21,2,2023-04-10,0.91277124342958,0.7294916280059132,1.1211447431829185,0.95,median,qi
San Joaquin,21,2,2023-04-11,0.91277124342958,0.7294916280059132,1.1211447431829185,0.95,median,qi
San Joaquin,21,2,2023-04-16,0.91277124342958,0.7294916280059132,1.1211447431829185,0.95,median,qi
San Joaquin,21,3,2023-04-17,0.8516443919046762,0.676049403090893,1.0809053840555365,0.95,median,qi
San Joaquin,21,3,2023-04-18,0.8516443919046762,0.676049403090893,1.0809053840555365,0.95,median,qi
San Joaquin,21,3,2023-04-23,0.8516443919046762,0.676049403090893,1.0809053840555365,0.95,median,qi
San Joaquin,21,4,2023-04-24,0.7991114486289699,0.6362764951094663,0.997972631393648,0.95,median,qi
San Joaquin,21,4,2023-04-25,0.7991114486289699,0.6362764951094663,0.997972631393648,0.95,median,qi
San Joaquin,21,4,2023-04-30,0.7991114486289699,0.6362764951094663,0.997972631393648,0.95,median,qi
San Joaquin,21,5,2023-05-01,0.7708263504859513,0.5960263283079487,0.9737040834915486,0.95,median,qi
San Joaquin,21,5,2023-05-02,0.7708263504859513,0.5960263283079487,0.9737040834915486,0.95,median,qi
San Joaquin,21,5,2023-05-03,0.7708263504859513,0.5960263283079487,0.9737040834915486,0.95,median,qi
San Joaquin,21,5,2023-05-07,0.7708263504859513,0.5960263283079487,0.9737040834915486,0.95,median,qi
San Joaquin,21,6,2023-05-08,0.7512480194093943,0.5485459119404581,0.9820634546959884,0.95,median,qi
San Joaquin,21,6,2023-05-09,0.7512480194093943,0.5485459119404581,0.9820634546959884,0.95,median,qi
San Joaquin,21,6,2023-05-14,0.7512480194093943,0.5485459119404581,0.9820634546959884,0.95,median,qi
San Joaquin,21,7,2023-05-15,0.74396342850423125,0.5160083617183763,1.0061344948532187,0.95,median,qi
San Joaquin,21,7,2023-05-16,0.74396342850423125,0.5160083617183763,1.0061344948532187,0.95,median,qi
San Luis Obispo,22,1,2023-04-03,0.9838124314089004,0.7776817760613002,1.2398801668902333,0.95,median,qi
San Luis Obispo,22,1,2023-04-04,0.9838124314089004,0.7776817760613002,1.2398801668902333,0.95,median,qi
San Luis Obispo,22,1,2023-04-06,0.9838124314089004,0.7776817760613002,1.2398801668902333,0.95,median,qi
San Luis Obispo,22,2,2023-04-10,0.964344204730528,0.7193737946946068,1.2604351308909727,0.95,median,qi
San Luis Obispo,22,2,2023-04-11,0.964344204730528,0.7193737946946068,1.2604351308909727,0.95,median,qi
San Luis Obispo,22,2,2023-04-13,0.964344204730528,0.7193737946946068,1.2604351308909727,0.95,median,qi
San Luis Obispo,22,3,2023-04-17,0.932491591320609,0.6899103040959653,1.2293877709700431,0.95,median,qi
San Luis Obispo,22,3,2023-04-18,0.932491591320609,0.6899103040959653,1.2293877709700431,0.95,median,qi
San Luis Obispo,22,3,2023-04-20,0.932491591320609,0.6899103040959653,1.2293877709700431,0.95,median,qi
San Luis Obispo,22,4,2023-04-24,0.9011914031164976,0.6531823255072048,1.22016495685316,0.95,median,qi
San Luis Obispo,22,4,2023-04-25,0.9011914031164976,0.6531823255072048,1.22016495685316,0.95,median,qi
San Luis Obispo,22,4,2023-04-27,0.9011914031164976,0.6531823255072048,1.22016495685316,0.95,median,qi
San Luis Obispo,22,5,2023-05-01,0.8813529313703189,0.6345898246494956,1.2422588295690116,0.95,median,qi
San Luis Obispo,22,5,2023-05-02,0.8813529313703189,0.6345898246494956,1.2422588295690116,0.95,median,qi
San Luis Obispo,22,5,2023-05-04,0.8813529313703189,0.6345898246494956,1.2422588295690116,0.95,median,qi
San Luis Obispo,22,6,2023-05-08,0.8638043459742971,0.5793391075218634,1.2322998370770382,0.95,median,qi
San Luis Obispo,22,6,2023-05-09,0.8638043459742971,0.5793391075218634,1.2322998370770382,0.95,median,qi
San Luis Obispo,22,6,2023-05-11,0.8638043459742971,0.5793391075218634,1.2322998370770382,0.95,median,qi
San Luis Obispo,22,7,2023-05-15,0.8602372315475146,0.5498780192211682,1.2930166127334588,0.95,median,qi
San Luis Obispo,22,7,2023-05-16,0.8602372315475146,0.5498780192211682,1.2930166127334588,0.95,median,qi
San Luis Obispo,22,7,2023-05-18,0.8602372315475146,0.5498780192211682,1.2930166127334588,0.95,median,qi
San Luis Obispo,22,8,2023-05-22,0.8582739853372419,0.526153494884207,1.3423727024579246,0.95,median,qi
San Luis Obispo,22,8,2023-05-23,0.8582739853372419,0.526153494884207,1.3423727024579246,0.95,median,qi
San Luis Obispo,22,8,2023-05-25,0.8582739853372419,0.526153494884207,1.3423727024579246,0.95,median,qi
San Mateo,23,1,2023-04-01,0.9797633353390924,0.7995769116287418,1.1913784989392326,0.95,median,qi
San Mateo,23,1,2023-04-02,0.9797633353390924,0.7995769116287418,1.1913784989392326,0.95,median,qi
San Mateo,23,1,2023-04-03,0.9797633353390924,0.7995769116287418,1.1913784989392326,0.95,median,qi
San Mateo,23,1,2023-04-04,0.9797633353390924,0.7995769116287418,1.1913784989392326,0.95,median,qi
San Mateo,23,1,2023-04-05,0.9797633353390924,0.7995769116287418,1.1913784989392326,0.95,median,qi
San Mateo,23,1,2023-04-06,0.9797633353390924,0.7995769116287418,1.1913784989392326,0.95,median,qi
San Mateo,23,1,2023-04-07,0.9797633353390924,0.7995769116287418,1.1913784989392326,0.95,median,qi
San Mateo,23,2,2023-04-08,0.9628726291717562,0.8093399042416703,1.1679176970743472,0.95,median,qi
San Mateo,23,2,2023-04-09,0.9628726291717562,0.8093399042416703,1.1679176970743472,0.95,median,qi
San Mateo,23,2,2023-04-10,0.9628726291717562,0.8093399042416703,1.1679176970743472,0.95,median,qi
San Mateo,23,2,2023-04-11,0.9628726291717562,0.8093399042416703,1.1679176970743472,0.95,median,qi
San Mateo,23,2,2023-04-12,0.9628726291717562,0.8093399042416703,1.1679176970743472,0.95,median,qi
San Mateo,23,2,2023-04-13,0.9628726291717562,0.8093399042416703,1.1679176970743472,0.95,median,qi
San Mateo,23,2,2023-04-14,0.9628726291717562,0.8093399042416703,1.1679176970743472,0.95,median,qi
San Mateo,23,3,2023-04-15,0.9497545775286576,0.7984093175153192,1.1228618262441263,0.95,median,qi
San Mateo,23,3,2023-04-16,0.9497545775286576,0.7984093175153192,1.1228618262441263,0.95,median,qi
San Mateo,23,3,2023-04-17,0.9497545775286576,0.7984093175153192,1.1228618262441263,0.95,median,qi
San Mateo,23,3,2023-04-18,0.9497545775286576,0.7984093175153192,1.1228618262441263,0.95,median,qi
San Mateo,23,3,2023-04-19,0.9497545775286576,0.7984093175153192,1.1228618262441263,0.95,median,qi
San Mateo,23,3,2023-04-20,0.9497545775286576,0.7984093175153192,1.1228618262441263,0.95,median,qi
San Mateo,23,3,2023-04-21,0.9497545775286576,0.7984093175153192,1.1228618262441263,0.95,median,qi
San Mateo,23,4,2023-04-22,0.9249963218322336,0.7858630565218784,1.0944354912516232,0.95,median,qi
San Mateo,23,4,2023-04-23,0.9249963218322336,0.7858630565218784,1.0944354912516232,0.95,median,qi
San Mateo,23,4,2023-04-24,0.9249963218322336,0.7858630565218784,1.0944354912516232,0.95,median,qi
San Mateo,23,4,2023-04-25,0.9249963218322336,0.7858630565218784,1.0944354912516232,0.95,median,qi
San Mateo,23,4,2023-04-26,0.9249963218322336,0.7858630565218784,1.0944354912516232,0.95,median,qi
San Mateo,23,4,2023-04-27,0.9249963218322336,0.7858630565218784,1.0944354912516232,0.95,median,qi
San Mateo,23,4,2023-04-28,0.9249963218322336,0.7858630565218784,1.0944354912516232,0.95,median,qi
San Mateo,23,5,2023-04-29,0.887302047001288,0.7394088189109831,1.0534980202114832,0.95,median,qi
San Mateo,23,5,2023-04-30,0.887302047001288,0.7394088189109831,1.0534980202114832,0.95,median,qi
San Mateo,23,5,2023-05-01,0.887302047001288,0.7394088189109831,1.0534980202114832,0.95,median,qi
San Mateo,23,5,2023-05-02,0.887302047001288,0.7394088189109831,1.0534980202114832,0.95,median,qi
San Mateo,23,5,2023-05-03,0.887302047001288,0.7394088189109831,1.0534980202114832,0.95,median,qi
San Mateo,23,5,2023-05-04,0.887302047001288,0.7394088189109831,1.0534980202114832,0.95,median,qi
San Mateo,23,5,2023-05-05,0.887302047001288,0.7394088189109831,1.0534980202114832,0.95,median,qi
San Mateo,23,6,2023-05-06,0.8520892003645595,0.6963461856063325,1.037535922227545,0.95,median,qi
San Mateo,23,6,2023-05-07,0.8520892003645595,0.6963461856063325,1.037535922227545,0.95,median,qi
San Mateo,23,6,2023-05-08,0.8520892003645595,0.6963461856063325,1.037535922227545,0.95,median,qi
San Mateo,23,6,2023-05-09,0.8520892003645595,0.6963461856063325,1.037535922227545,0.95,median,qi
San Mateo,23,6,2023-05-10,0.8520892003645595,0.6963461856063325,1.037535922227545,0.95,median,qi
San Mateo,23,6,2023-05-11,0.8520892003645595,0.6963461856063325,1.037535922227545,0.95,median,qi
San Mateo,23,6,2023-05-12,0.8520892003645595,0.6963461856063325,1.037535922227545,0.95,median,qi
San Mateo,23,7,2023-05-13,0.840433307273307,0.6310579803590316,1.084380998277724,0.95,median,qi
San Mateo,23,7,2023-05-14,0.840433307273307,0.6310579803590316,1.084380998277724,0.95,median,qi
San Mateo,23,7,2023-05-15,0.840433307273307,0.6310579803590316,1.084380998277724,0.95,median,qi
San Mateo,23,7,2023-05-16,0.840433307273307,0.6310579803590316,1.084380998277724,0.95,median,qi
San Mateo,23,7,2023-05-17,0.840433307273307,0.6310579803590316,1.084380998277724,0.95,median,qi
San Mateo,23,7,2023-05-18,0.840433307273307,0.6310579803590316,1.084380998277724,0.95,median,qi
San Mateo,23,7,2023-05-19,0.840433307273307,0.6310579803590316,1.084380998277724,0.95,median,qi
San Mateo,23,8,2023-05-20,0.8426379318627057,0.5979574013642661,1.155214307408088,0.95,median,qi
San Mateo,23,8,2023-05-21,0.8426379318627057,0.5979574013642661,1.155214307408088,0.95,median,qi
San Mateo,23,8,2023-05-22,0.8426379318627057,0.5979574013642661,1.155214307408088,0.95,median,qi
San Mateo,23,8,2023-05-23,0.8426379318627057,0.5979574013642661,1.155214307408088,0.95,median,qi
San Mateo,23,8,2023-05-24,0.8426379318627057,0.5979574013642661,1.155214307408088,0.95,median,qi
San Mateo,23,8,2023-05-25,0.8426379318627057,0.5979574013642661,1.155214307408088,0.95,median,qi
San Mateo,23,8,2023-05-26,0.8426379318627057,0.5979574013642661,1.155214307408088,0.95,median,qi
Santa Barbara,24,1,2023-04-03,1.0237851312741362,0.7980896276791661,1.3039513220858503,0.95,median,qi
Santa Barbara,24,1,2023-04-05,1.0237851312741362,0.7980896276791661,1.3039513220858503,0.95,median,qi
Santa Barbara,24,1,2023-04-06,1.0237851312741362,0.7980896276791661,1.3039513220858503,0.95,median,qi
Santa Barbara,24,2,2023-04-10,1.0236346281719553,0.7838122430000463,1.3197110643652468,0.95,median,qi
Santa Barbara,24,2,2023-04-12,1.0236346281719553,0.7838122430000463,1.3197110643652468,0.95,median,qi
Santa Barbara,24,2,2023-04-14,1.0236346281719553,0.7838122430000463,1.3197110643652468,0.95,median,qi
Santa Barbara,24,3,2023-04-17,1.0116193926633423,0.7590419876072212,1.3264474321756226,0.95,median,qi
Santa Barbara,24,3,2023-04-19,1.0116193926633423,0.7590419876072212,1.3264474321756226,0.95,median,qi
Santa Barbara,24,3,2023-04-21,1.0116193926633423,0.7590419876072212,1.3264474321756226,0.95,median,qi
Santa Barbara,24,4,2023-04-24,1.006291719798479,0.7516858498731575,1.3627348547527425,0.95,median,qi
Santa Barbara,24,4,2023-04-26,1.006291719798479,0.7516858498731575,1.3627348547527425,0.95,median,qi
Santa Barbara,24,4,2023-04-28,1.006291719798479,0.7516858498731575,1.3627348547527425,0.95,median,qi
Santa Barbara,24,5,2023-05-01,1.0077726559630955,0.7233795752829603,1.3610238048606775,0.95,median,qi
Santa Barbara,24,5,2023-05-03,1.0077726559630955,0.7233795752829603,1.3610238048606775,0.95,median,qi
Santa Barbara,24,5,2023-05-05,1.0077726559630955,0.7233795752829603,1.3610238048606775,0.95,median,qi
Santa Barbara,24,6,2023-05-08,1.001773123949543,0.6852298650835354,1.4015752986322632,0.95,median,qi
Santa Barbara,24,6,2023-05-10,1.001773123949543,0.6852298650835354,1.4015752986322632,0.95,median,qi
Santa Barbara,24,6,2023-05-12,1.001773123949543,0.6852298650835354,1.4015752986322632,0.95,median,qi
Santa Barbara,24,7,2023-05-15,1.0039260811253148,0.657040397622618,1.4446107119936964,0.95,median,qi
Santa Barbara,24,7,2023-05-19,1.0039260811253148,0.657040397622618,1.4446107119936964,0.95,median,qi
Santa Barbara,24,8,2023-05-22,0.996291494313616,0.6131820804347912,1.5051448381156718,0.95,median,qi
Santa Barbara,24,8,2023-05-24,0.996291494313616,0.6131820804347912,1.5051448381156718,0.95,median,qi
Santa Clara,25,1,2023-04-01,0.9213556287940734,0.7211197277111591,1.185491182064288,0.95,median,qi
Santa Clara,25,1,2023-04-02,0.9213556287940734,0.7211197277111591,1.185491182064288,0.95,median,qi
Santa Clara,25,1,2023-04-03,0.9213556287940734,0.7211197277111591,1.185491182064288,0.95,median,qi
Santa Clara,25,1,2023-04-04,0.9213556287940734,0.7211197277111591,1.185491182064288,0.95,median,qi
Santa Clara,25,1,2023-04-05,0.9213556287940734,0.7211197277111591,1.185491182064288,0.95,median,qi
Santa Clara,25,1,2023-04-06,0.9213556287940734,0.7211197277111591,1.185491182064288,0.95,median,qi
Santa Clara,25,1,2023-04-07,0.9213556287940734,0.7211197277111591,1.185491182064288,0.95,median,qi
Santa Clara,25,2,2023-04-08,0.8760747800948765,0.6773145217550457,1.154886549577345,0.95,median,qi
Santa Clara,25,2,2023-04-09,0.8760747800948765,0.6773145217550457,1.154886549577345,0.95,median,qi
Santa Clara,25,2,2023-04-10,0.8760747800948765,0.6773145217550457,1.154886549577345,0.95,median,qi
Santa Clara,25,2,2023-04-11,0.8760747800948765,0.6773145217550457,1.154886549577345,0.95,median,qi
Santa Clara,25,2,2023-04-12,0.8760747800948765,0.6773145217550457,1.154886549577345,0.95,median,qi
Santa Clara,25,2,2023-04-13,0.8760747800948765,0.6773145217550457,1.154886549577345,0.95,median,qi
Santa Clara,25,2,2023-04-14,0.8760747800948765,0.6773145217550457,1.154886549577345,0.95,median,qi
Santa Clara,25,3,2023-04-15,0.8202577454589988,0.6131845114707207,1.106450398788085,0.95,median,qi
Santa Clara,25,3,2023-04-16,0.8202577454589988,0.6131845114707207,1.106450398788085,0.95,median,qi
Santa Clara,25,3,2023-04-17,0.8202577454589988,0.6131845114707207,1.106450398788085,0.95,median,qi
Santa Clara,25,3,2023-04-18,0.8202577454589988,0.6131845114707207,1.106450398788085,0.95,median,qi
Santa Clara,25,3,2023-04-19,0.8202577454589988,0.6131845114707207,1.106450398788085,0.95,median,qi
Santa Clara,25,3,2023-04-20,0.8202577454589988,0.6131845114707207,1.106450398788085,0.95,median,qi
Santa Clara,25,3,2023-04-21,0.8202577454589988,0.6131845114707207,1.106450398788085,0.95,median,qi
Santa Clara,25,4,2023-04-22,0.785009070590169,0.5628434008828888,1.102159665190988,0.95,median,qi
Santa Clara,25,4,2023-04-23,0.785009070590169,0.5628434008828888,1.102159665190988,0.95,median,qi
Santa Clara,25,4,2023-04-24,0.785009070590169,0.5628434008828888,1.102159665190988,0.95,median,qi
Santa Clara,25,4,2023-04-25,0.785009070590169,0.5628434008828888,1.102159665190988,0.95,median,qi
Santa Clara,25,4,2023-04-26,0.785009070590169,0.5628434008828888,1.102159665190988,0.95,median,qi
Santa Clara,25,4,2023-04-27,0.785009070590169,0.5628434008828888,1.102159665190988,0.95,median,qi
Santa Clara,25,4,2023-04-28,0.785009070590169,0.5628434008828888,1.102159665190988,0.95,median,qi
Santa Clara,25,5,2023-04-29,0.7702716947428208,0.5261627032505166,1.0845321576932447,0.95,median,qi
Santa Clara,25,5,2023-04-30,0.7702716947428208,0.5261627032505166,1.0845321576932447,0.95,median,qi
Santa Clara,25,5,2023-05-01,0.7702716947428208,0.5261627032505166,1.0845321576932447,0.95,median,qi
Santa Clara,25,5,2023-05-02,0.7702716947428208,0.5261627032505166,1.0845321576932447,0.95,median,qi
Santa Clara,25,5,2023-05-03,0.7702716947428208,0.5261627032505166,1.0845321576932447,0.95,median,qi
Santa Clara,25,5,2023-05-04,0.7702716947428208,0.5261627032505166,1.0845321576932447,0.95,median,qi
Santa Clara,25,5,2023-05-05,0.7702716947428208,0.5261627032505166,1.0845321576932447,0.95,median,qi
Santa Clara,25,6,2023-05-06,0.7591698185265189,0.4906760957922349,1.1414507732560126,0.95,median,qi
Santa Clara,25,6,2023-05-07,0.7591698185265189,0.4906760957922349,1.1414507732560126,0.95,median,qi
Santa Clara,25,6,2023-05-08,0.7591698185265189,0.4906760957922349,1.1414507732560126,0.95,median,qi
Santa Clara,25,6,2023-05-09,0.7591698185265189,0.4906760957922349,1.1414507732560126,0.95,median,qi
Santa Clara,25,6,2023-05-10,0.7591698185265189,0.4906760957922349,1.1414507732560126,0.95,median,qi
Santa Clara,25,6,2023-05-11,0.7591698185265189,0.4906760957922349,1.1414507732560126,0.95,median,qi
Santa Clara,25,6,2023-05-12,0.7591698185265189,0.4906760957922349,1.1414507732560126,0.95,median,qi
Santa Clara,25,7,2023-05-13,0.7609151466378276,0.462667634900943,1.192288310777177,0.95,median,qi
Santa Clara,25,7,2023-05-14,0.7609151466378276,0.462667634900943,1.192288310777177,0.95,median,qi
Santa Clara,25,7,2023-05-15,0.7609151466378276,0.462667634900943,1.192288310777177,0.95,median,qi
Santa Clara,25,7,2023-05-16,0.7609151466378276,0.462667634900943,1.192288310777177,0.95,median,qi
Santa Clara,25,7,2023-05-17,0.7609151466378276,0.462667634900943,1.192288310777177,0.95,median,qi
Santa Clara,25,7,2023-05-18,0.7609151466378276,0.462667634900943,1.192288310777177,0.95,median,qi
Santa Clara,25,7,2023-05-19,0.7609151466378276,0.462667634900943,1.192288310777177,0.95,median,qi
Santa Cruz,26,1,2023-04-02,1.0725840024635698,0.8724227116279386,1.299059058546684,0.95,median,qi
Santa Cruz,26,1,2023-04-04,1.0725840024635698,0.8724227116279386,1.299059058546684,0.95,median,qi
Santa Cruz,26,1,2023-04-06,1.0725840024635698,0.8724227116279386,1.299059058546684,0.95,median,qi
Santa Cruz,26,2,2023-04-09,1.0750130730822829,0.8949582963974502,1.29739112205051,0.95,median,qi
Santa Cruz,26,2,2023-04-11,1.0750130730822829,0.8949582963974502,1.29739112205051,0.95,median,qi
Santa Cruz,26,2,2023-04-13,1.0750130730822829,0.8949582963974502,1.29739112205051,0.95,median,qi
Santa Cruz,26,3,2023-04-16,1.049591127319423,0.8616299424844431,1.267387507454831,0.95,median,qi
Santa Cruz,26,3,2023-04-18,1.049591127319423,0.8616299424844431,1.267387507454831,0.95,median,qi
Santa Cruz,26,3,2023-04-20,1.049591127319423,0.8616299424844431,1.267387507454831,0.95,median,qi
Santa Cruz,26,4,2023-04-23,1.0063218304708006,0.8260895966423063,1.2181179909648336,0.95,median,qi
Santa Cruz,26,4,2023-04-25,1.0063218304708006,0.8260895966423063,1.2181179909648336,0.95,median,qi
Santa Cruz,26,4,2023-04-27,1.0063218304708006,0.8260895966423063,1.2181179909648336,0.95,median,qi
Santa Cruz,26,5,2023-04-30,0.9687813655534202,0.7575774073003728,1.2132595630046064,0.95,median,qi
Santa Cruz,26,5,2023-05-02,0.9687813655534202,0.7575774073003728,1.2132595630046064,0.95,median,qi
Santa Cruz,26,5,2023-05-04,0.9687813655534202,0.7575774073003728,1.2132595630046064,0.95,median,qi
Santa Cruz,26,6,2023-05-07,0.9533672368740744,0.7150209140166023,1.2485272407777588,0.95,median,qi
Santa Cruz,26,6,2023-05-09,0.9533672368740744,0.7150209140166023,1.2485272407777588,0.95,median,qi
Santa Cruz,26,6,2023-05-11,0.9533672368740744,0.7150209140166023,1.2485272407777588,0.95,median,qi
Santa Cruz,26,7,2023-05-14,0.9536381649569295,0.6608913497002461,1.315950652645162,0.95,median,qi
Santa Cruz,26,7,2023-05-16,0.9536381649569295,0.6608913497002461,1.315950652645162,0.95,median,qi
Santa Cruz,26,7,2023-05-18,0.9536381649569295,0.6608913497002461,1.315950652645162,0.95,median,qi
Solano,27,1,2023-04-04,1.0845867612379512,0.844698119284771,1.386116644675652,0.95,median,qi
Solano,27,1,2023-04-05,1.0845867612379512,0.844698119284771,1.386116644675652,0.95,median,qi
Solano,27,1,2023-04-06,1.0845867612379512,0.844698119284771,1.386116644675652,0.95,median,qi
Solano,27,2,2023-04-11,1.1046099856132707,0.8471614130611016,1.4322392733124212,0.95,median,qi
Solano,27,2,2023-04-12,1.1046099856132707,0.8471614130611016,1.4322392733124212,0.95,median,qi
Solano,27,2,2023-04-13,1.1046099856132707,0.8471614130611016,1.4322392733124212,0.95,median,qi
Solano,27,3,2023-04-18,1.116261059856697,0.8421594784451494,1.5224934019226888,0.95,median,qi
Solano,27,3,2023-04-19,1.116261059856697,0.8421594784451494,1.5224934019226888,0.95,median,qi
Solano,27,3,2023-04-20,1.116261059856697,0.8421594784451494,1.5224934019226888,0.95,median,qi
Solano,27,4,2023-04-25,1.1330361147845511,0.8392459318676835,1.5574728623404888,0.95,median,qi
Solano,27,4,2023-04-26,1.1330361147845511,0.8392459318676835,1.5574728623404888,0.95,median,qi
Solano,27,4,2023-04-27,1.1330361147845511,0.8392459318676835,1.5574728623404888,0.95,median,qi
Solano,27,5,2023-05-02,1.1401761232954026,0.7985157685674583,1.604282640016013,0.95,median,qi
Solano,27,5,2023-05-03,1.1401761232954026,0.7985157685674583,1.604282640016013,0.95,median,qi
Solano,27,5,2023-05-04,1.1401761232954026,0.7985157685674583,1.604282640016013,0.95,median,qi
Solano,27,6,2023-05-09,1.136904538277184,0.7488426178565665,1.6735660989412535,0.95,median,qi
Solano,27,6,2023-05-10,1.136904538277184,0.7488426178565665,1.6735660989412535,0.95,median,qi
Solano,27,6,2023-05-11,1.136904538277184,0.7488426178565665,1.6735660989412535,0.95,median,qi
Solano,27,7,2023-05-16,1.1436609154081805,0.730958228481696,1.8086274809422496,0.95,median,qi
Solano,27,7,2023-05-17,1.1436609154081805,0.730958228481696,1.8086274809422496,0.95,median,qi
Solano,27,7,2023-05-18,1.1436609154081805,0.730958228481696,1.8086274809422496,0.95,median,qi
Sonoma,28,1,2023-04-03,0.9559303959265392,0.7739313851057913,1.1913166488897116,0.95,median,qi
Sonoma,28,1,2023-04-04,0.9559303959265392,0.7739313851057913,1.1913166488897116,0.95,median,qi
Sonoma,28,1,2023-04-05,0.9559303959265392,0.7739313851057913,1.1913166488897116,0.95,median,qi
Sonoma,28,1,2023-04-06,0.9559303959265392,0.7739313851057913,1.1913166488897116,0.95,median,qi
Sonoma,28,1,2023-04-07,0.9559303959265392,0.7739313851057913,1.1913166488897116,0.95,median,qi
Sonoma,28,2,2023-04-10,0.9335144813697724,0.7631903946397839,1.1360733138507133,0.95,median,qi
Sonoma,28,2,2023-04-11,0.9335144813697724,0.7631903946397839,1.1360733138507133,0.95,median,qi
Sonoma,28,2,2023-04-12,0.9335144813697724,0.7631903946397839,1.1360733138507133,0.95,median,qi
Sonoma,28,2,2023-04-13,0.9335144813697724,0.7631903946397839,1.1360733138507133,0.95,median,qi
Sonoma,28,2,2023-04-14,0.9335144813697724,0.7631903946397839,1.1360733138507133,0.95,median,qi
Sonoma,28,3,2023-04-17,0.9148890742832708,0.7443338021767347,1.1030955526328288,0.95,median,qi
Sonoma,28,3,2023-04-18,0.9148890742832708,0.7443338021767347,1.1030955526328288,0.95,median,qi
Sonoma,28,3,2023-04-19,0.9148890742832708,0.7443338021767347,1.1030955526328288,0.95,median,qi
Sonoma,28,3,2023-04-20,0.9148890742832708,0.7443338021767347,1.1030955526328288,0.95,median,qi
Sonoma,28,3,2023-04-21,0.9148890742832708,0.7443338021767347,1.1030955526328288,0.95,median,qi
Sonoma,28,4,2023-04-24,0.9192085293666048,0.7613062972796812,1.0911457030140002,0.95,median,qi
Sonoma,28,4,2023-04-25,0.9192085293666048,0.7613062972796812,1.0911457030140002,0.95,median,qi
Sonoma,28,4,2023-04-26,0.9192085293666048,0.7613062972796812,1.0911457030140002,0.95,median,qi
Sonoma,28,4,2023-04-27,0.9192085293666048,0.7613062972796812,1.0911457030140002,0.95,median,qi
Sonoma,28,4,2023-04-28,0.9192085293666048,0.7613062972796812,1.0911457030140002,0.95,median,qi
Sonoma,28,4,2023-04-30,0.9192085293666048,0.7613062972796812,1.0911457030140002,0.95,median,qi
Sonoma,28,5,2023-05-01,0.9332171261852832,0.7492948481430325,1.1186052988338484,0.95,median,qi
Sonoma,28,5,2023-05-02,0.9332171261852832,0.7492948481430325,1.1186052988338484,0.95,median,qi
Sonoma,28,5,2023-05-03,0.9332171261852832,0.7492948481430325,1.1186052988338484,0.95,median,qi
Sonoma,28,5,2023-05-05,0.9332171261852832,0.7492948481430325,1.1186052988338484,0.95,median,qi
Sonoma,28,5,2023-05-06,0.9332171261852832,0.7492948481430325,1.1186052988338484,0.95,median,qi
Sonoma,28,5,2023-05-07,0.9332171261852832,0.7492948481430325,1.1186052988338484,0.95,median,qi
Sonoma,28,6,2023-05-08,0.9363721815048892,0.7274390296131401,1.1499691629054567,0.95,median,qi
Sonoma,28,6,2023-05-09,0.9363721815048892,0.7274390296131401,1.1499691629054567,0.95,median,qi
Sonoma,28,6,2023-05-10,0.9363721815048892,0.7274390296131401,1.1499691629054567,0.95,median,qi
Sonoma,28,6,2023-05-12,0.9363721815048892,0.7274390296131401,1.1499691629054567,0.95,median,qi
Sonoma,28,7,2023-05-15,0.9353643981574096,0.7009032066875336,1.2033346305237194,0.95,median,qi
Sonoma,28,7,2023-05-16,0.9353643981574096,0.7009032066875336,1.2033346305237194,0.95,median,qi
Sonoma,28,7,2023-05-17,0.9353643981574096,0.7009032066875336,1.2033346305237194,0.95,median,qi
Sonoma,28,7,2023-05-18,0.9353643981574096,0.7009032066875336,1.2033346305237194,0.95,median,qi
Sonoma,28,7,2023-05-19,0.9353643981574096,0.7009032066875336,1.2033346305237194,0.95,median,qi
Sonoma,28,7,2023-05-20,0.9353643981574096,0.7009032066875336,1.2033346305237194,0.95,median,qi
Sonoma,28,7,2023-05-21,0.9353643981574096,0.7009032066875336,1.2033346305237194,0.95,median,qi
Sonoma,28,8,2023-05-23,0.9484598583293204,0.6609853177771166,1.3185268485966235,0.95,median,qi
Sonoma,28,8,2023-05-24,0.9484598583293204,0.6609853177771166,1.3185268485966235,0.95,median,qi
Sonoma,28,8,2023-05-25,0.9484598583293204,0.6609853177771166,1.3185268485966235,0.95,median,qi
Stanislaus,29,1,2023-04-03,1.020384638596302,0.8191673710281875,1.2731582841943765,0.95,median,qi
Stanislaus,29,1,2023-04-05,1.020384638596302,0.8191673710281875,1.2731582841943765,0.95,median,qi
Stanislaus,29,1,2023-04-07,1.020384638596302,0.8191673710281875,1.2731582841943765,0.95,median,qi
Stanislaus,29,2,2023-04-10,0.9959604915332396,0.7987231759630464,1.2477024546288995,0.95,median,qi
Stanislaus,29,2,2023-04-12,0.9959604915332396,0.7987231759630464,1.2477024546288995,0.95,median,qi
Stanislaus,29,2,2023-04-14,0.9959604915332396,0.7987231759630464,1.2477024546288995,0.95,median,qi
Stanislaus,29,3,2023-04-17,0.9457061402106068,0.7504803794038616,1.176514496970356,0.95,median,qi
Stanislaus,29,3,2023-04-19,0.9457061402106068,0.7504803794038616,1.176514496970356,0.95,median,qi
Stanislaus,29,3,2023-04-21,0.9457061402106068,0.7504803794038616,1.176514496970356,0.95,median,qi
Stanislaus,29,4,2023-04-24,0.8867451341478629,0.6860179220352338,1.124784341252146,0.95,median,qi
Stanislaus,29,4,2023-04-26,0.8867451341478629,0.6860179220352338,1.124784341252146,0.95,median,qi
Stanislaus,29,4,2023-04-28,0.8867451341478629,0.6860179220352338,1.124784341252146,0.95,median,qi
Stanislaus,29,5,2023-05-01,0.8575096564406637,0.6422330332846147,1.1428608954629973,0.95,median,qi
Stanislaus,29,5,2023-05-03,0.8575096564406637,0.6422330332846147,1.1428608954629973,0.95,median,qi
Stanislaus,29,5,2023-05-05,0.8575096564406637,0.6422330332846147,1.1428608954629973,0.95,median,qi
Stanislaus,29,6,2023-05-08,0.851354540255225,0.6128958792901984,1.1928271122260703,0.95,median,qi
Stanislaus,29,6,2023-05-10,0.851354540255225,0.6128958792901984,1.1928271122260703,0.95,median,qi
Stanislaus,29,6,2023-05-12,0.851354540255225,0.6128958792901984,1.1928271122260703,0.95,median,qi
Stanislaus,29,7,2023-05-15,0.854792906257978,0.5753752692887445,1.236507011904065,0.95,median,qi
Stanislaus,29,7,2023-05-17,0.854792906257978,0.5753752692887445,1.236507011904065,0.95,median,qi
Stanislaus,29,7,2023-05-19,0.854792906257978,0.5753752692887445,1.236507011904065,0.95,median,qi
Yolo,30,1,2023-04-03,0.8933339970239796,0.6982715493066393,1.107541683721876,0.95,median,qi
Yolo,30,1,2023-04-05,0.8933339970239796,0.6982715493066393,1.107541683721876,0.95,median,qi
Yolo,30,1,2023-04-07,0.8933339970239796,0.6982715493066393,1.107541683721876,0.95,median,qi
Yolo,30,2,2023-04-10,0.8457843464764215,0.6658564071391093,1.051633473442671,0.95,median,qi
Yolo,30,2,2023-04-12,0.8457843464764215,0.6658564071391093,1.051633473442671,0.95,median,qi
Yolo,30,2,2023-04-14,0.8457843464764215,0.6658564071391093,1.051633473442671,0.95,median,qi
Yolo,30,3,2023-04-17,0.8277052624955403,0.6595376826452741,1.0453993090440223,0.95,median,qi
Yolo,30,3,2023-04-19,0.8277052624955403,0.6595376826452741,1.0453993090440223,0.95,median,qi
Yolo,30,3,2023-04-21,0.8277052624955403,0.6595376826452741,1.0453993090440223,0.95,median,qi
Yolo,30,4,2023-04-24,0.8288650122678278,0.643152967538706,1.0370579775768716,0.95,median,qi
Yolo,30,4,2023-04-26,0.8288650122678278,0.643152967538706,1.0370579775768716,0.95,median,qi
Yolo,30,4,2023-04-28,0.8288650122678278,0.643152967538706,1.0370579775768716,0.95,median,qi
Yolo,30,4,2023-04-29,0.8288650122678278,0.643152967538706,1.0370579775768716,0.95,median,qi
Yolo,30,5,2023-05-01,0.8363511065798721,0.6327205797847772,1.074604744657314,0.95,median,qi
Yolo,30,5,2023-05-03,0.8363511065798721,0.6327205797847772,1.074604744657314,0.95,median,qi
Yolo,30,5,2023-05-05,0.8363511065798721,0.6327205797847772,1.074604744657314,0.95,median,qi
Yolo,30,6,2023-05-08,0.8313353578525254,0.6179333373613188,1.1044344471794778,0.95,median,qi
Yolo,30,6,2023-05-10,0.8313353578525254,0.6179333373613188,1.1044344471794778,0.95,median,qi
Yolo,30,6,2023-05-12,0.8313353578525254,0.6179333373613188,1.1044344471794778,0.95,median,qi
Yolo,30,7,2023-05-15,0.8245903572546645,0.5875955697671021,1.1408038380135423,0.95,median,qi
Yolo,30,7,2023-05-17,0.8245903572546645,0.5875955697671021,1.1408038380135423,0.95,median,qi
Yolo,30,7,2023-05-19,0.8245903572546645,0.5875955697671021,1.1408038380135423,0.95,median,qi
Yolo,30,8,2023-05-22,0.8253517365409797,0.5526717391642688,1.2395034885804586,0.95,median,qi
Yolo,30,8,2023-05-24,0.8253517365409797,0.5526717391642688,1.2395034885804586,0.95,median,qi
