county,date,avg_weighted_conc,log_conc,id,yearday,new_time,epiweek,new_week
Alameda,2023-04-04,213732.1351590364,12.272478805102816,1,94,1,14,1
Alameda,2023-04-05,183313.37768602997,12.118952413630772,1,95,2,14,1
Alameda,2023-04-06,165613.91955769603,12.017414572700945,1,96,3,14,1
Alameda,2023-04-11,189152.678170571,12.150309788938316,1,101,8,15,2
Alameda,2023-04-12,185662.14316422676,12.131683866376616,1,102,9,15,2
Alameda,2023-04-13,184501.64232567203,12.125413643917259,1,103,10,15,2
Alameda,2023-04-14,112237.91931044808,11.628376176743219,1,104,11,15,2
Alameda,2023-04-18,84147.2443784452,11.340323452540233,1,108,15,16,3
Alameda,2023-04-19,149307.43768555854,11.91376279933641,1,109,16,16,3
Alameda,2023-04-20,178146.70714225082,12.090362687238407,1,110,17,16,3
Alameda,2023-04-25,113769.98714926951,11.641934032580162,1,115,22,17,4
Alameda,2023-04-26,151997.17695961273,11.931617227021814,1,116,23,17,4
Alameda,2023-04-27,189972.3518992357,12.154633824234285,1,117,24,17,4
Alameda,2023-05-02,59783.00720060885,10.998476739032535,1,122,29,18,5
Alameda,2023-05-03,141997.33759862848,11.863563587102194,1,123,30,18,5
Alameda,2023-05-04,207401.67224024417,12.24241263761991,1,124,31,18,5
Alameda,2023-05-09,96075.17595613404,11.472886246876946,1,129,36,19,6
Alameda,2023-05-10,69992.42718284391,11.156142332077053,1,130,37,19,6
Alameda,2023-05-11,103050.17016315462,11.542971237585117,1,131,38,19,6
Alameda,2023-05-16,128109.49133544981,11.760640578312973,1,136,43,20,7
Alameda,2023-05-17,62170.606849394215,11.037637608344813,1,137,44,20,7
Alameda,2023-05-18,100837.48789661616,11.521265469216624,1,138,45,20,7
Alameda,2023-05-23,79480.44865361741,11.28326634151164,1,143,50,21,8
Alameda,2023-05-24,89925.21008814021,11.406733604820648,1,144,51,21,8
Alameda,2023-05-25,101891.340478623,11.531662235017063,1,145,52,21,8
Contra Costa,2023-04-03,125652.81247714172,11.741277926144566,2,93,1,14,1
Contra Costa,2023-04-04,410119.92287199746,12.924204890721972,2,94,2,14,1
Contra Costa,2023-04-06,128161.58916002646,11.761047162038249,2,96,4,14,1
Contra Costa,2023-04-07,210643.89434026502,12.257924282131954,2,97,5,14,1
Contra Costa,2023-04-10,201283.53739637407,12.21246982684482,2,100,8,15,2
Contra Costa,2023-04-11,275783.8647444233,12.527372739165198,2,101,9,15,2
Contra Costa,2023-04-13,284723.2591460926,12.559272966964908,2,103,11,15,2
Contra Costa,2023-04-14,452211.125236364,13.02190444099211,2,104,12,15,2
Contra Costa,2023-04-17,388667.4622829048,12.870479404262433,2,107,15,16,3
Contra Costa,2023-04-18,141715.3823428607,11.861575975488233,2,108,16,16,3
Contra Costa,2023-04-20,164007.61356812908,12.007668129924674,2,110,18,16,3
Contra Costa,2023-04-21,109245.20776251101,11.601350247121704,2,111,19,16,3
Contra Costa,2023-04-24,245534.4592225963,12.411192579798852,2,114,22,17,4
Contra Costa,2023-04-25,177056.2374987624,12.084222687073463,2,115,23,17,4
Contra Costa,2023-04-27,170728.94222229498,12.047832444629,2,117,25,17,4
Contra Costa,2023-04-28,229578.73497580705,12.344001321437075,2,118,26,17,4
Contra Costa,2023-05-01,177758.62976960134,12.088181896526924,2,121,29,18,5
Contra Costa,2023-05-02,184106.28881975764,12.123268526440874,2,122,30,18,5
Contra Costa,2023-05-04,296949.4092453001,12.601317064034047,2,124,32,18,5
Contra Costa,2023-05-05,282068.2149635291,12.549904217701672,2,125,33,18,5
Contra Costa,2023-05-08,159673.2321266025,11.980884706670377,2,128,36,19,6
Contra Costa,2023-05-09,253529.24512350358,12.443234460738013,2,129,37,19,6
Contra Costa,2023-05-11,320297.95136852696,12.67700693959967,2,131,39,19,6
Contra Costa,2023-05-12,155256.34210523203,11.952832849880718,2,132,40,19,6
Contra Costa,2023-05-15,143130.2832909025,11.871510566432242,2,135,43,20,7
Contra Costa,2023-05-16,136871.58179644766,11.826798406064428,2,136,44,20,7
Contra Costa,2023-05-18,444464.44356762804,13.004625338762727,2,138,46,20,7
Contra Costa,2023-05-19,280633.8115892631,12.544805936858342,2,139,47,20,7
Contra Costa,2023-05-22,99573.48898565915,11.5086512332991,2,142,50,21,8
Contra Costa,2023-05-23,117990.77535963102,11.678361725473602,2,143,51,21,8
Contra Costa,2023-05-25,103414.470880818,11.54650018175578,2,145,53,21,8
Fresno,2023-04-02,227708,12.335819385382825,3,92,1,14,1
Fresno,2023-04-03,159524.5,11.979952794426667,3,93,2,14,1
Fresno,2023-04-04,215420.2,12.280345818323234,3,94,3,14,1
Fresno,2023-04-09,246873.9,12.416632958931395,3,99,8,15,2
Fresno,2023-04-10,153956,11.94442212628595,3,100,9,15,2
Fresno,2023-04-11,136347.5,11.822962052938793,3,101,10,15,2
Fresno,2023-04-16,147991.5,11.904910118664514,3,106,15,16,3
Fresno,2023-04-17,149469.6,11.914848306653981,3,107,16,16,3
Fresno,2023-04-18,235670.3,12.370189073347767,3,108,17,16,3
Fresno,2023-04-23,182127.5,12.112462270239257,3,113,22,17,4
Fresno,2023-04-24,96504.5,11.477344918364185,3,114,23,17,4
Fresno,2023-04-25,169938,12.043188943628682,3,115,24,17,4
Fresno,2023-04-30,148910.3,11.911099390221937,3,120,29,18,5
Fresno,2023-05-01,170928.1,12.048998279227153,3,121,30,18,5
Fresno,2023-05-02,151605.6,11.929037690822152,3,122,31,18,5
Fresno,2023-05-07,193993.1,12.175577870402634,3,127,36,19,6
Fresno,2023-05-08,167282.6,12.027439876784214,3,128,37,19,6
Fresno,2023-05-09,177044.1,12.084154133064999,3,129,38,19,6
Fresno,2023-05-14,121203.2,11.705223754909072,3,134,43,20,7
Fresno,2023-05-15,114535.6,11.648640970682315,3,135,44,20,7
Fresno,2023-05-16,102117.1,11.53387547298901,3,136,45,20,7
Fresno,2023-05-21,118910.4,11.686125547314623,3,141,50,21,8
Fresno,2023-05-22,175724,12.076669861317997,3,142,51,21,8
Fresno,2023-05-23,74823.1,11.22288193981581,3,143,52,21,8
Imperial,2023-04-03,238850.4,12.383592693507934,4,93,1,14,1
Imperial,2023-04-04,305126.7,12.628482379166837,4,94,2,14,1
Imperial,2023-04-10,907084.8846436,13.717991313079347,4,100,8,15,2
Imperial,2023-04-11,461433.8,13.042093877348677,4,101,9,15,2
Imperial,2023-04-12,201624,12.214159855712794,4,102,10,15,2
Imperial,2023-04-17,191218.1,12.16116994039093,4,107,15,16,3
Imperial,2023-04-18,601090.4,13.306500618179374,4,108,16,16,3
Imperial,2023-04-19,478461,13.078329981851263,4,109,17,16,3
Imperial,2023-04-24,129423.3,11.770843706663555,4,114,22,17,4
Imperial,2023-04-25,286012.5,12.563790795140603,4,115,23,17,4
Imperial,2023-04-26,242442.5,12.398519847841786,4,116,24,17,4
Imperial,2023-05-01,93074.3,11.441153377896091,4,121,29,18,5
Imperial,2023-05-02,250969.9,12.433088290604179,4,122,30,18,5
Imperial,2023-05-03,244073,12.405222639857698,4,123,31,18,5
Imperial,2023-05-08,123830.9,11.726672204211482,4,128,36,19,6
Imperial,2023-05-09,125299.1,11.738458958096992,4,129,37,19,6
Imperial,2023-05-10,110185.7,11.609922403215531,4,130,38,19,6
Imperial,2023-05-17,88562.2,11.39146040898905,4,137,45,20,7
Kern,2023-04-04,83183.52251810627,11.328804560538094,5,94,1,14,1
Kern,2023-04-05,53338.52183494762,10.884414085221302,5,95,2,14,1
Kern,2023-04-06,73322.41708276293,11.20262166762362,5,96,3,14,1
Kern,2023-04-07,136353.3,11.823004590401103,5,97,4,14,1
Kern,2023-04-11,57299.78683239052,10.956052182493302,5,101,8,15,2
Kern,2023-04-12,47637.7172909041,10.77138010651318,5,102,9,15,2
Kern,2023-04-13,84293.13411751045,11.342055694854675,5,103,10,15,2
Kern,2023-04-14,315975.7,12.663420590878014,5,104,11,15,2
Kern,2023-04-18,84659,11.346386702051456,5,108,15,16,3
Kern,2023-04-19,137279.9,11.829777186283295,5,109,16,16,3
Kern,2023-04-21,76622.8,11.246649961570219,5,111,18,16,3
Kern,2023-04-25,66358.7715324506,11.102831231963808,5,115,22,17,4
Kern,2023-04-26,69851.94114249854,11.154133154456428,5,116,23,17,4
Kern,2023-04-27,95302.50485692528,11.464811373210049,5,117,24,17,4
Kern,2023-04-28,131772.2,11.788829953157686,5,118,25,17,4
Kern,2023-05-02,64433.4,11.073387411188925,5,122,29,18,5
Kern,2023-05-03,137263.1,11.82965480108301,5,123,30,18,5
Kern,2023-05-04,112006.7,11.626313969916573,5,124,31,18,5
Kern,2023-05-05,130232.3,11.777075057866993,5,125,32,18,5
Kern,2023-05-09,63785.23348125054,11.063276992407026,5,129,36,19,6
Kern,2023-05-10,89662.56300915866,11.40380860317147,5,130,37,19,6
Kern,2023-05-11,60486.99771201033,11.010183707070572,5,131,38,19,6
Kern,2023-05-12,92676.9,11.436874529562214,5,132,39,19,6
Kern,2023-05-16,52006.36541662851,10.859121401930086,5,136,43,20,7
Kern,2023-05-17,64642.52854169412,11.076627809720975,5,137,44,20,7
Kern,2023-05-18,100701.34611421413,11.519914446186466,5,138,45,20,7
Lake,2023-04-02,122367.3,11.714782456504865,6,92,1,14,1
Lake,2023-04-03,74843.3,11.223151873483255,6,93,2,14,1
Lake,2023-04-06,45260.8,10.720196594683106,6,96,5,14,1
Lake,2023-04-10,84227,11.341270813911494,6,100,9,15,2
Lake,2023-04-11,15025.4,9.617497381345215,6,101,10,15,2
Lake,2023-04-13,33974,10.433350805179256,6,103,12,15,2
Lake,2023-04-16,56358.4,10.939486576681325,6,106,15,16,3
Lake,2023-04-17,68274.9,11.131297481675874,6,107,16,16,3
Lake,2023-04-20,34510.3,10.449013109186689,6,110,19,16,3
Lake,2023-04-23,39614.5,10.586950491837928,6,113,22,17,4
Lake,2023-04-24,29432.8,10.28986497771447,6,114,23,17,4
Lake,2023-04-27,21156.7,9.959711919178668,6,117,26,17,4
Lake,2023-04-30,37481,10.531589416892908,6,120,29,18,5
Lake,2023-05-01,43822.2,10.687895817274878,6,121,30,18,5
Lake,2023-05-04,148322.2,11.907142213483636,6,124,33,18,5
Lake,2023-05-07,34995.5,10.462974760776964,6,127,36,19,6
Lake,2023-05-08,155936.6,11.957204793368234,6,128,37,19,6
Lake,2023-05-11,11152.1,9.319383099961536,6,131,40,19,6
Lake,2023-05-14,47239.8,10.762992036602082,6,134,43,20,7
Lake,2023-05-16,90452.7,11.412582341124185,6,136,45,20,7
Los Angeles,2023-04-02,87583.94727469207,11.380353009843194,7,92,1,14,1
Los Angeles,2023-04-03,102405.22080316905,11.536692974693832,7,93,2,14,1
Los Angeles,2023-04-04,85173.27327613013,11.352442969663036,7,94,3,14,1
Los Angeles,2023-04-05,171000.22418486228,12.049420146506524,7,95,4,14,1
Los Angeles,2023-04-06,50620.98834407951,10.832121558682896,7,96,5,14,1
Los Angeles,2023-04-09,85606.24973699263,11.35751357041084,7,99,8,15,2
Los Angeles,2023-04-10,90920.88144598312,11.41774497266193,7,100,9,15,2
Los Angeles,2023-04-11,77629.07287061968,11.259697286401959,7,101,10,15,2
Los Angeles,2023-04-12,94501.91260827941,11.456375352518075,7,102,11,15,2
Los Angeles,2023-04-14,299619.255384202,12.610267798867705,7,104,13,15,2
Los Angeles,2023-04-16,82006.12666104529,11.314549238833937,7,106,15,16,3
Los Angeles,2023-04-17,84721.92549424834,11.34712970775838,7,107,16,16,3
Los Angeles,2023-04-18,75157.23311623036,11.227337639601112,7,108,17,16,3
Los Angeles,2023-04-19,107615.47454100978,11.586319731806267,7,109,18,16,3
Los Angeles,2023-04-20,25290.297148711805,10.138176089247487,7,110,19,16,3
Los Angeles,2023-04-23,99098.67407024105,11.503871340513545,7,113,22,17,4
Los Angeles,2023-04-24,68668.28601259142,11.137042741533183,7,114,23,17,4
Los Angeles,2023-04-25,62314.90328078366,11.03995589415759,7,115,24,17,4
Los Angeles,2023-04-26,128775.74750137555,11.765827779125738,7,116,25,17,4
Los Angeles,2023-04-28,66141.3950560165,11.099550078784107,7,118,27,17,4
Los Angeles,2023-04-30,65070.65930611722,11.083229024697069,7,120,29,18,5
Los Angeles,2023-05-01,65801.72202945314,11.094401287631346,7,121,30,18,5
Los Angeles,2023-05-02,67576.72208682899,11.121018854901754,7,122,31,18,5
Los Angeles,2023-05-03,72465.59735407641,11.190867208968758,7,123,32,18,5
Los Angeles,2023-05-04,19471.867132287603,9.876725991677302,7,124,33,18,5
Los Angeles,2023-05-07,227878.6966303967,12.33656873403434,7,127,36,19,6
Los Angeles,2023-05-08,14748.2031282243,9.598876532531785,7,128,37,19,6
Los Angeles,2023-05-09,120382.40235760456,11.69842864135391,7,129,38,19,6
Los Angeles,2023-05-10,92891.52323173048,11.439187674478687,7,130,39,19,6
Los Angeles,2023-05-11,38006.33950541841,10.545508253884055,7,131,40,19,6
Los Angeles,2023-05-14,66332.50886253754,11.1024353857533,7,134,43,20,7
Los Angeles,2023-05-15,68222.5030891635,11.130529746726722,7,135,44,20,7
Los Angeles,2023-05-16,80903.50702206526,11.301012452194328,7,136,45,20,7
Los Angeles,2023-05-17,75761.69259037435,11.235348069088406,7,137,46,20,7
Los Angeles,2023-05-18,77972.50659009664,11.264111563922043,7,138,47,20,7
Los Angeles,2023-05-21,37765.49110176469,10.539151030814052,7,141,50,21,8
Los Angeles,2023-05-22,32173.758820620304,10.378906455826561,7,142,51,21,8
Los Angeles,2023-05-23,74701.79871004193,11.221259449948038,7,143,52,21,8
Los Angeles,2023-05-25,85073.6175301818,11.351272249224518,7,145,54,21,8
Madera,2023-04-03,47273.9066651106,10.763713766133058,8,93,1,14,1
Madera,2023-04-05,39294.27608167319,10.578834140473067,8,95,3,14,1
Madera,2023-04-07,68720.13066185491,11.137797458022087,8,97,5,14,1
Madera,2023-04-10,76666.5137893318,11.24722030518304,8,100,8,15,2
Madera,2023-04-12,361023.20461441606,12.796697513959524,8,102,10,15,2
Madera,2023-04-14,62994.827459291,11.050807898182189,8,104,12,15,2
Madera,2023-04-17,51905.90994356019,10.857187934415983,8,107,15,16,3
Madera,2023-04-19,69363.84628265849,11.14712106381914,8,109,17,16,3
Madera,2023-04-21,113335.78114735501,11.638110206050008,8,111,19,16,3
Madera,2023-04-24,108922.61502660901,11.598392955190358,8,114,22,17,4
Madera,2023-04-26,112564.356625553,11.631280395957102,8,116,24,17,4
Madera,2023-04-28,60260.092971335296,11.006425355519731,8,118,26,17,4
Madera,2023-05-01,50607.4032917647,10.831853154687202,8,121,29,18,5
Madera,2023-05-05,53219.9870643183,10.882189301471115,8,125,33,18,5
Madera,2023-05-08,31466.5689467885,10.356680957956058,8,128,36,19,6
Madera,2023-05-10,64109.7496433919,11.068351731863585,8,130,38,19,6
Madera,2023-05-12,19511.505177680698,9.878759579676725,8,132,40,19,6
Madera,2023-05-15,46668.707367807496,10.750829141277395,8,135,43,20,7
Madera,2023-05-17,52100.873071389804,10.860936985209301,8,137,45,20,7
Madera,2023-05-19,29946.066569612,10.30715326168364,8,139,47,20,7
Marin,2023-04-02,714652.9904546931,13.47955237583098,9,92,1,14,1
Marin,2023-04-03,276164.05629823514,12.528750374987156,9,93,2,14,1
Marin,2023-04-04,827128.7703130057,13.625715669639176,9,94,3,14,1
Marin,2023-04-05,205425.44250444003,12.23283843688951,9,95,4,14,1
Marin,2023-04-06,90176.12041808052,11.409519930624748,9,96,5,14,1
Marin,2023-04-07,561474.6397648696,13.238321886984593,9,97,6,14,1
Marin,2023-04-09,136210.592484983,11.821957441222567,9,99,8,15,2
Marin,2023-04-10,201674.70806578262,12.214411322256254,9,100,9,15,2
Marin,2023-04-11,506007.5025832872,13.134306775399379,9,101,10,15,2
Marin,2023-04-12,109692.53729333688,11.605436615629664,9,102,11,15,2
Marin,2023-04-13,151226.5235371585,11.926534147562544,9,103,12,15,2
Marin,2023-04-14,347731.1711326209,12.759184963481907,9,104,13,15,2
Marin,2023-04-16,321376.389984391,12.680368269675574,9,106,15,16,3
Marin,2023-04-17,90990.69457345457,11.418512522835774,9,107,16,16,3
Marin,2023-04-18,206045.92664919797,12.235854367822217,9,108,17,16,3
Marin,2023-04-19,125765.07791489494,11.742170984669873,9,109,18,16,3
Marin,2023-04-20,101159.777682166,11.524456503096294,9,110,19,16,3
Marin,2023-04-21,125281.43144691487,11.738317937140476,9,111,20,16,3
Marin,2023-04-23,58288.97124337225,10.973168181945306,9,113,22,17,4
Marin,2023-04-24,177628.10308305855,12.087447335102167,9,114,23,17,4
Marin,2023-04-25,102118.2846881843,11.533887074193043,9,115,24,17,4
Marin,2023-04-26,157639.25218872144,11.968064487506274,9,116,25,17,4
Marin,2023-04-27,203696.6795804429,12.224387301544207,9,117,26,17,4
Marin,2023-04-28,107001.3657631994,11.580596877504632,9,118,27,17,4
Marin,2023-04-30,65075.01671110407,11.083295986660337,9,120,29,18,5
Marin,2023-05-01,78704.91235596138,11.2734608512118,9,121,30,18,5
Marin,2023-05-02,132406.99443036024,11.793635749113562,9,122,31,18,5
Marin,2023-05-03,93299.88197077818,11.443574121784026,9,123,32,18,5
Marin,2023-05-04,167098.84665847773,12.026340812456,9,124,33,18,5
Marin,2023-05-05,64793.71570208499,11.078963897731414,9,125,34,18,5
Marin,2023-05-07,106458.39201528809,11.575509502491771,9,127,36,19,6
Marin,2023-05-08,126703.10006647182,11.74960183378,9,128,37,19,6
Marin,2023-05-09,50170.29935531666,10.823178484279646,9,129,38,19,6
Marin,2023-05-10,274354.5346397585,12.522176471017405,9,130,39,19,6
Marin,2023-05-12,267584.5647400011,12.497190925228843,9,132,41,19,6
Marin,2023-05-14,86984.72692982253,11.373487829694795,9,134,43,20,7
Marin,2023-05-15,107981.35915101749,11.589713890755643,9,135,44,20,7
Marin,2023-05-16,100913.59832725467,11.522019967600485,9,136,45,20,7
Marin,2023-05-17,115695.3761694962,11.658715948420319,9,137,46,20,7
Marin,2023-05-18,23271.764531604604,10.054996082025044,9,138,47,20,7
Marin,2023-05-19,54655.1799729494,10.908799273613365,9,139,48,20,7
Marin,2023-05-22,90539.82815777454,11.41354512301791,9,142,51,21,8
Marin,2023-05-23,164017.43934477994,12.007728038621078,9,143,52,21,8
Marin,2023-05-24,71329.500121007,11.175065267270618,9,144,53,21,8
Merced,2023-04-04,107203.66711751501,11.582485735219526,10,94,1,14,1
Merced,2023-04-06,347143.644433987,12.757493934175681,10,96,3,14,1
Merced,2023-04-07,538045.3294777031,13.195698091129387,10,97,4,14,1
Merced,2023-04-11,234972.183399095,12.367222417605701,10,101,8,15,2
Merced,2023-04-13,116808.40815882401,11.668290334446441,10,103,10,15,2
Merced,2023-04-14,109593.04511477101,11.604529194500557,10,104,11,15,2
Merced,2023-04-18,22293.127889690102,10.012033743573584,10,108,15,16,3
Merced,2023-04-20,106825.247156989,11.578949574171979,10,110,17,16,3
Merced,2023-04-21,36142.6923011765,10.49523005780693,10,111,18,16,3
Merced,2023-04-25,34760.0490409218,10.456223990221883,10,115,22,17,4
Merced,2023-04-27,32829.030238740204,10.399068471184554,10,117,24,17,4
Merced,2023-04-28,0,-Inf,10,118,25,17,4
Merced,2023-05-02,45110.26552609,10.716865116576429,10,122,29,18,5
Merced,2023-05-04,34280.61539147211,10.442335324460505,10,124,31,18,5
Merced,2023-05-05,74890.6106893932,11.22378380369532,10,125,32,18,5
Merced,2023-05-09,121115.71648717098,11.704501702186997,10,129,36,19,6
Merced,2023-05-11,31381.4443707705,10.353972053614317,10,131,38,19,6
Merced,2023-05-12,77229.42387626968,11.254535801691768,10,132,39,19,6
Merced,2023-05-16,37319.64144580729,10.527275047353694,10,136,43,20,7
Merced,2023-05-18,19367.963429204206,9.871375610408977,10,138,45,20,7
Merced,2023-05-19,45447.67039224911,10.724316841795796,10,139,46,20,7
Merced,2023-05-23,7174.88847290343,8.878342496660803,10,143,50,21,8
Merced,2023-05-25,61992.80260957251,11.034773570346239,10,145,52,21,8
Monterey,2023-04-03,134574.91185018,11.809876288405203,11,93,1,14,1
Monterey,2023-04-04,110663.304610367,11.61424757874223,11,94,2,14,1
Monterey,2023-04-06,284822.37791820697,12.559621029584179,11,96,4,14,1
Monterey,2023-04-10,52529.94285035291,10.869138626004391,11,100,8,15,2
Monterey,2023-04-11,213136.827944874,12.269689623168537,11,101,9,15,2
Monterey,2023-04-14,107561.60910780002,11.58581907036573,11,104,12,15,2
Monterey,2023-04-16,126791.48942723601,11.750299200651009,11,106,14,16,3
Monterey,2023-04-19,102025.087771015,11.532974020562929,11,109,17,16,3
Monterey,2023-04-20,133047.723019702,11.798463162540507,11,110,18,16,3
Monterey,2023-04-23,90879.0205579516,11.41728445658563,11,113,21,17,4
Monterey,2023-04-25,34433.421129279195,10.446782916173422,11,115,23,17,4
Monterey,2023-04-27,134366.17211336302,11.80832397980544,11,117,25,17,4
Monterey,2023-04-30,112072.02907326599,11.626897060291881,11,120,28,18,5
Monterey,2023-05-02,562304.541140371,13.239798870257589,11,122,30,18,5
Monterey,2023-05-04,82549.31057713929,11.321151097734226,11,124,32,18,5
Monterey,2023-05-07,27527.517470849696,10.222941418656502,11,127,35,19,6
Monterey,2023-05-09,245039.19451428598,12.409173454341142,11,129,37,19,6
Monterey,2023-05-11,98549.5548625405,11.498314795701466,11,131,39,19,6
Monterey,2023-05-14,89049.5447948139,11.396948176911524,11,134,42,20,7
Monterey,2023-05-16,90057.9865882353,11.408209037268051,11,136,44,20,7
Monterey,2023-05-18,26595.8829345329,10.188511705893351,11,138,46,20,7
Monterey,2023-05-22,103963.11747591,11.551791475569285,11,142,50,21,8
Monterey,2023-05-24,81903.7275024149,11.31329978165548,11,144,52,21,8
Napa,2023-04-03,238037.1,12.38018182285816,12,93,1,14,1
Napa,2023-04-04,407314,12.917339665744032,12,94,2,14,1
Napa,2023-04-06,115141.9,11.653920559743815,12,96,4,14,1
Napa,2023-04-10,82108.12618513215,11.31579226965486,12,100,8,15,2
Napa,2023-04-11,111969.5,11.625981791762447,12,101,9,15,2
Napa,2023-04-12,215900.378253943,12.28257236848813,12,102,10,15,2
Napa,2023-04-13,508396.9,13.13901772071787,12,103,11,15,2
Napa,2023-04-14,254885.061371946,12.448567982809022,12,104,12,15,2
Napa,2023-04-17,272413.6825548181,12.515077081639266,12,107,15,16,3
Napa,2023-04-18,132528.8,11.794555259280045,12,108,16,16,3
Napa,2023-04-19,321782.75648862007,12.681631927544803,12,109,17,16,3
Napa,2023-04-20,152028.5,11.931823282252486,12,110,18,16,3
Napa,2023-04-21,264464.155244977,12.48546100217439,12,111,19,16,3
Napa,2023-04-24,243903.72502224243,12.404528856831305,12,114,22,17,4
Napa,2023-04-25,318285.3,12.670703429357353,12,115,23,17,4
Napa,2023-04-26,393605.921453452,12.883105488390191,12,116,24,17,4
Napa,2023-04-27,177521.6,12.086847570634808,12,117,25,17,4
Napa,2023-04-28,160316.504769255,11.984905295052,12,118,26,17,4
Napa,2023-05-01,314460.92488508666,12.658615102205106,12,121,29,18,5
Napa,2023-05-02,221298.3,12.307266844129835,12,122,30,18,5
Napa,2023-05-03,136602.422843524,11.824829962736963,12,123,31,18,5
Napa,2023-05-04,259614.6,12.466953502600441,12,124,32,18,5
Napa,2023-05-05,184719.519996432,12.126593845478183,12,125,33,18,5
Napa,2023-05-08,275494.93924969295,12.52632453807678,12,128,36,19,6
Napa,2023-05-09,160743.8,11.987567072149211,12,129,37,19,6
Napa,2023-05-10,390782.64536561095,12.875906790195437,12,130,38,19,6
Napa,2023-05-11,178694,12.093430124758433,12,131,39,19,6
Napa,2023-05-12,101455.334388292,11.527373925323472,12,132,40,19,6
Napa,2023-05-15,228985.86307352118,12.341415547327397,12,135,43,20,7
Napa,2023-05-16,151835.6,11.930553635552444,12,136,44,20,7
Napa,2023-05-17,126891.29991458001,11.751086092759481,12,137,45,20,7
Napa,2023-05-18,761766.4,13.543395225989356,12,138,46,20,7
Napa,2023-05-19,74823.21523607848,11.222883479928285,12,139,47,20,7
Napa,2023-05-22,71955.7208723442,11.183806220931467,12,142,50,21,8
Napa,2023-05-24,24054.067385325405,10.088059383285337,12,144,52,21,8
Orange,2023-04-02,142435.3,11.866643140497983,13,92,1,14,1
Orange,2023-04-03,137719.61793392812,11.83297514322503,13,93,2,14,1
Orange,2023-04-05,154988.5322282437,11.951106407540077,13,95,4,14,1
Orange,2023-04-07,119230.58259843441,11.688814566129214,13,97,6,14,1
Orange,2023-04-09,147150.7,11.899212510700933,13,99,8,15,2
Orange,2023-04-10,120816.07301720206,11.702024610410012,13,100,9,15,2
Orange,2023-04-12,143112.79456725816,11.87138837152156,13,102,11,15,2
Orange,2023-04-14,130514.2224125049,11.779237483810428,13,104,13,15,2
Orange,2023-04-16,149805.2,11.917091062413377,13,106,15,16,3
Orange,2023-04-17,159261.19410728844,11.978300863631427,13,107,16,16,3
Orange,2023-04-19,103416.5655787237,11.546520436916142,13,109,18,16,3
Orange,2023-04-21,77789.75536011989,11.261765022320182,13,111,20,16,3
Orange,2023-04-23,155936.4,11.957203510794878,13,113,22,17,4
Orange,2023-04-24,116784.81543731845,11.668088336107425,13,114,23,17,4
Orange,2023-04-26,159578.6873624091,11.98029241725136,13,116,25,17,4
Orange,2023-04-28,76590.30010010759,11.24622571716346,13,118,27,17,4
Orange,2023-04-30,117458.6,11.673841210054347,13,120,29,18,5
Orange,2023-05-01,144816.21489876465,11.88322073400937,13,121,30,18,5
Orange,2023-05-03,155561.56335887994,11.954796838096273,13,123,32,18,5
Orange,2023-05-05,50681.59238745572,10.833318054372713,13,125,34,18,5
Orange,2023-05-07,126545.9,11.748360367186878,13,127,36,19,6
Orange,2023-05-08,114270.02335808826,11.646319552552118,13,128,37,19,6
Orange,2023-05-10,132631.19722621824,11.795327602260732,13,130,39,19,6
Orange,2023-05-12,65769.51878625966,11.09391176965406,13,132,41,19,6
Orange,2023-05-14,121131.4,11.704631185774486,13,134,43,20,7
Orange,2023-05-15,106768.5844988277,11.578419009604161,13,135,44,20,7
Orange,2023-05-17,128966.45921030967,11.767307643414727,13,137,46,20,7
Orange,2023-05-19,134874.21663101923,11.812097894432497,13,139,48,20,7
Orange,2023-05-22,52646.177585592624,10.871348914463002,13,142,51,21,8
Orange,2023-05-24,71930.49645512256,11.18345560475782,13,144,53,21,8
Plumas,2023-04-04,31578.9,10.360244455030719,14,94,1,14,1
Plumas,2023-04-10,4588,8.431199478249262,14,100,7,15,2
Plumas,2023-04-18,48257.5,10.784306535102031,14,108,15,16,3
Plumas,2023-04-25,62114,11.036726685347292,14,115,22,17,4
Plumas,2023-05-02,142825.8,11.86938098483726,14,122,29,18,5
Plumas,2023-05-09,592710.2,13.292460857008649,14,129,36,19,6
Plumas,2023-05-16,13350,9.499271663828395,14,136,43,20,7
Riverside,2023-04-03,119075.87688062518,11.687516189745454,15,93,1,14,1
Riverside,2023-04-05,61198.10248997605,11.021871462954,15,95,3,14,1
Riverside,2023-04-07,39196.756337623374,10.576349275865674,15,97,5,14,1
Riverside,2023-04-10,117518.41937410938,11.674350360911404,15,100,8,15,2
Riverside,2023-04-12,76562.24520592325,11.24585935179301,15,102,10,15,2
Riverside,2023-04-14,48974.024370710584,10.799045321648734,15,104,12,15,2
Riverside,2023-04-17,31901.118726355522,10.370396357949714,15,107,15,16,3
Riverside,2023-04-19,82965.07987818151,11.326175073890152,15,109,17,16,3
Riverside,2023-04-20,26249.2259830369,10.175391781224539,15,110,18,16,3
Riverside,2023-04-21,53556.04651806231,10.888483983004209,15,111,19,16,3
Riverside,2023-04-24,69870.1449657268,11.154393726336483,15,114,22,17,4
Riverside,2023-04-26,47235.049394743044,10.762891467926051,15,116,24,17,4
Riverside,2023-04-28,193815.85956983824,12.174663809816211,15,118,26,17,4
Riverside,2023-05-01,40038.4853669118,10.597596404714455,15,121,29,18,5
Riverside,2023-05-03,134080.99691177483,11.806199350889454,15,123,31,18,5
Riverside,2023-05-05,128800.47440436824,11.766019775909335,15,125,33,18,5
Riverside,2023-05-08,12675.63587366161,9.447436994748301,15,128,36,19,6
Riverside,2023-05-10,149552.63234139074,11.915403665651034,15,130,38,19,6
Riverside,2023-05-12,41053.26853644682,10.622625735010365,15,132,40,19,6
Riverside,2023-05-15,26033.1117490691,10.167124535563998,15,135,43,20,7
Riverside,2023-05-17,34879.52027377009,10.459655124309357,15,137,45,20,7
Riverside,2023-05-19,97401.27458753543,11.48659457565933,15,139,47,20,7
Riverside,2023-05-22,35342.185881209494,10.472832596853053,15,142,50,21,8
Riverside,2023-05-24,32588.592655404223,10.391717587573137,15,144,52,21,8
Sacramento,2023-04-01,113422.363272398,11.638873857820684,16,91,1,13,1
Sacramento,2023-04-02,237422.93147289095,12.377598350734107,16,92,2,14,2
Sacramento,2023-04-03,79434.8001834088,11.282691840678043,16,93,3,14,2
Sacramento,2023-04-04,338115.8458500169,12.731143854944726,16,94,4,14,2
Sacramento,2023-04-05,100025.76217308299,11.513183053522278,16,95,5,14,2
Sacramento,2023-04-06,181823.955705263,12.110794221600573,16,96,6,14,2
Sacramento,2023-04-07,495209.64995196095,13.112736487141575,16,97,7,14,2
Sacramento,2023-04-08,347597.604120699,12.758800779716418,16,98,8,14,2
Sacramento,2023-04-09,282710.18656883197,12.55217757617305,16,99,9,15,3
Sacramento,2023-04-10,290132.74698288797,12.578093845444757,16,100,10,15,3
Sacramento,2023-04-11,102311.928109351,11.535781544451941,16,101,11,15,3
Sacramento,2023-04-12,248584.942549549,12.423539887236235,16,102,12,15,3
Sacramento,2023-04-13,92022.4048723982,11.429787357603983,16,103,13,15,3
Sacramento,2023-04-14,366731.03635396407,12.812383987385372,16,104,14,15,3
Sacramento,2023-04-15,65924.96060235289,11.096272413608157,16,105,15,15,3
Sacramento,2023-04-16,101374.21168533,11.526574015163854,16,106,16,16,4
Sacramento,2023-04-17,44969.847988849106,10.713747499479945,16,107,17,16,4
Sacramento,2023-04-18,75513.24193762838,11.232063309760468,16,108,18,16,4
Sacramento,2023-04-19,74013.9071495982,11.212008288982869,16,109,19,16,4
Sacramento,2023-04-20,68617.28203156388,11.136299706644653,16,110,20,16,4
Sacramento,2023-04-21,77255.84609538269,11.254877869506718,16,111,21,16,4
Sacramento,2023-04-22,119957.580250819,11.694893461359227,16,112,22,16,4
Sacramento,2023-04-23,64422.79452151009,11.073222801663505,16,113,23,17,5
Sacramento,2023-04-24,114743.211218824,11.650451964680952,16,114,24,17,5
Sacramento,2023-04-25,31243.513807712403,10.34956707546817,16,115,25,17,5
Sacramento,2023-04-26,86902.23007686279,11.372538973488794,16,116,26,17,5
Sacramento,2023-04-27,51998.3944674169,10.858968121460304,16,117,27,17,5
Sacramento,2023-04-28,95645.44409709609,11.46840334275749,16,118,28,17,5
Sacramento,2023-04-29,59062.0185618119,10.986343332868474,16,119,29,17,5
Sacramento,2023-04-30,156675.49608526,11.9619320414211,16,120,30,18,6
Sacramento,2023-05-01,52783.11903978851,10.873946703419046,16,121,31,18,6
Sacramento,2023-05-02,81272.8136377403,11.305566844013477,16,122,32,18,6
Sacramento,2023-05-03,99559.3634472157,11.508509362801142,16,123,33,18,6
Sacramento,2023-05-04,107678.760344604,11.586907632410764,16,124,34,18,6
Sacramento,2023-05-05,69916.5695414379,11.155057946503351,16,125,35,18,6
Sacramento,2023-05-06,82502.0842467719,11.320578835600887,16,126,36,18,6
Sacramento,2023-05-07,192939.81497709,12.170133579758033,16,127,37,19,7
Sacramento,2023-05-08,104284.13875008503,11.554874556079238,16,128,38,19,7
Sacramento,2023-05-09,97930.6949026738,11.492015312601783,16,129,39,19,7
Sacramento,2023-05-10,67564.53661328269,11.120838518064632,16,130,40,19,7
Sacramento,2023-05-11,61590.55583541601,11.028263823407633,16,131,41,19,7
Sacramento,2023-05-12,210623.337133739,12.2578266851436,16,132,42,19,7
Sacramento,2023-05-13,358098.47486329003,12.788563297008704,16,133,43,19,7
Sacramento,2023-05-14,85280.04733950569,11.353695794506292,16,134,44,20,8
Sacramento,2023-05-15,91399.97134691532,11.423000443951112,16,135,45,20,8
Sacramento,2023-05-16,57921.60063675891,10.966845661980908,16,136,46,20,8
Sacramento,2023-05-17,73688.60702459901,11.207603480401472,16,137,47,20,8
Sacramento,2023-05-18,49769.821415083294,10.81516408364209,16,138,48,20,8
Sacramento,2023-05-19,94412.668509442,11.455430543441421,16,139,49,20,8
Sacramento,2023-05-20,90040.4481648597,11.408014272405657,16,140,50,20,8
Sacramento,2023-05-21,62433.157015794604,11.041851775667096,16,141,51,21,9
Sacramento,2023-05-22,57075.0006659604,10.95212148306616,16,142,52,21,9
Sacramento,2023-05-23,140421.60929454,11.85240467108483,16,143,53,21,9
Sacramento,2023-05-24,102940.23864052299,11.541903891452776,16,144,54,21,9
Sacramento,2023-05-25,60419.4246694118,11.009065932707506,16,145,55,21,9
Sacramento,2023-05-26,58391.8357004844,10.974931359394198,16,146,56,21,9
San Benito,2023-04-05,37347.088178196114,10.528010227098763,17,95,1,14,1
San Benito,2023-04-07,31506.904556317095,10.357961993058645,17,97,3,14,1
San Benito,2023-04-10,161299.48440923297,11.991018067637224,17,100,6,15,2
San Benito,2023-04-12,378490.268831624,12.843945641705158,17,102,8,15,2
San Benito,2023-04-14,30450.1663053287,10.323846734710278,17,104,10,15,2
San Benito,2023-04-17,92980.10857488081,11.440140862966853,17,107,13,16,3
San Benito,2023-04-19,80777.16432548162,11.299449584830565,17,109,15,16,3
San Benito,2023-04-21,40158.4391510957,10.600587887850748,17,111,17,16,3
San Benito,2023-04-24,62498.580526942606,11.042899123897662,17,114,20,17,4
San Benito,2023-04-26,48085.1368698643,10.78072840355751,17,116,22,17,4
San Benito,2023-04-28,79527.35413070211,11.283856318577216,17,118,24,17,4
San Benito,2023-05-01,74266.9786169297,11.215421698765827,17,121,27,18,5
San Benito,2023-05-08,64226.869387224804,11.070176928401118,17,128,34,19,6
San Benito,2023-05-10,2285798.14758543,14.642225820044322,17,130,36,19,6
San Benito,2023-05-12,57219.73885714291,10.95465420275487,17,132,38,19,6
San Benito,2023-05-15,266923.282527731,12.49471656473801,17,135,41,20,7
San Benito,2023-05-17,244533.092362745,12.407105925825364,17,137,43,20,7
San Benito,2023-05-19,9961.18960390244,9.206451781589292,17,139,45,20,7
San Benito,2023-05-22,51912.135105645095,10.857307858887483,17,142,48,21,8
San Benito,2023-05-24,611245.1511523011,13.323253387064582,17,144,50,21,8
San Bernardino,2023-04-03,42783.16350245241,10.663899928066284,18,93,1,14,1
San Bernardino,2023-04-04,117585.7,11.674922708413494,18,94,2,14,1
San Bernardino,2023-04-05,90594.9456277871,11.414153702702105,18,95,3,14,1
San Bernardino,2023-04-06,91012.61130748008,11.418753361693348,18,96,4,14,1
San Bernardino,2023-04-10,58757.755113939944,10.981178425234319,18,100,8,15,2
San Bernardino,2023-04-11,57671.7,10.962521864239841,18,101,9,15,2
San Bernardino,2023-04-12,40911.935862686194,10.619177129840216,18,102,10,15,2
San Bernardino,2023-04-13,54297.316758362605,10.902230089569615,18,103,11,15,2
San Bernardino,2023-04-17,64458.261528937655,11.073773185240576,18,107,15,16,3
San Bernardino,2023-04-18,99429.3,11.507202117820604,18,108,16,16,3
San Bernardino,2023-04-19,39434.459142443404,10.582395310572409,18,109,17,16,3
San Bernardino,2023-04-20,77478.78821272468,11.257759477397654,18,110,18,16,3
San Bernardino,2023-04-24,65800.81023124776,11.094387430782396,18,114,22,17,4
San Bernardino,2023-04-25,103017.2,11.542651243561709,18,115,23,17,4
San Bernardino,2023-04-26,73894.40205108438,11.21039235374347,18,116,24,17,4
San Bernardino,2023-04-27,58125.77271488538,10.970364436820827,18,117,25,17,4
San Bernardino,2023-05-01,103996.99288539634,11.552117263141978,18,121,29,18,5
San Bernardino,2023-05-02,86383.8,11.366555437211824,18,122,30,18,5
San Bernardino,2023-05-03,86582.67801617112,11.368855051635322,18,123,31,18,5
San Bernardino,2023-05-04,64523.073592742716,11.074778168933742,18,124,32,18,5
San Bernardino,2023-05-08,31746.82901640083,10.36554812583396,18,128,36,19,6
San Bernardino,2023-05-09,107185.6,11.582317190237768,18,129,37,19,6
San Bernardino,2023-05-10,68153.52535341181,11.129518165110488,18,130,38,19,6
San Bernardino,2023-05-11,34554.48568916633,10.450292652582181,18,131,39,19,6
San Bernardino,2023-05-15,61024.45566903784,11.01902997541864,18,135,43,20,7
San Bernardino,2023-05-16,26392.8,10.180846524664835,18,136,44,20,7
San Bernardino,2023-05-17,32545.919327731095,10.390407273502165,18,137,45,20,7
San Bernardino,2023-05-18,44832.90781498456,10.710697698195295,18,138,46,20,7
San Bernardino,2023-05-22,43266.38041084401,10.675131178479942,18,142,50,21,8
San Bernardino,2023-05-23,14224.029412335103,9.562688025547885,18,143,51,21,8
San Bernardino,2023-05-24,48864.57218676119,10.79680791773126,18,144,52,21,8
San Bernardino,2023-05-25,14274.280212866102,9.566214610336372,18,145,53,21,8
San Diego,2023-04-02,146658.895473328,11.89586473041343,19,92,1,14,1
San Diego,2023-04-03,106103.82163020849,11.57217334308826,19,93,2,14,1
San Diego,2023-04-05,209896.63211294095,12.254370460482004,19,95,4,14,1
San Diego,2023-04-09,267753.10876617656,12.497820598947266,19,99,8,15,2
San Diego,2023-04-10,357244.8874386555,12.786176784811211,19,100,9,15,2
San Diego,2023-04-12,81121.3658822528,11.30370165648223,19,102,11,15,2
San Diego,2023-04-16,386528.7231040725,12.86496146017089,19,106,15,16,3
San Diego,2023-04-17,114082.213660873,11.644674639920527,19,107,16,16,3
San Diego,2023-04-19,129458.6819941175,11.771117051251426,19,109,18,16,3
San Diego,2023-04-23,140468.340267294,11.852737406188083,19,113,22,17,4
San Diego,2023-04-26,97721.96556594846,11.489881639434108,19,116,25,17,4
San Diego,2023-04-30,120656.8832568835,11.700706120871173,19,120,29,18,5
San Diego,2023-05-01,70706.1,11.16628712821933,19,121,30,18,5
San Diego,2023-05-03,96890.35908620319,11.481335299494623,19,123,32,18,5
San Diego,2023-05-07,96542.222707059,11.477735732639717,19,127,36,19,6
San Diego,2023-05-08,104237.14381660504,11.554423811352397,19,128,37,19,6
San Diego,2023-05-14,62512.91333447415,11.04312842773448,19,134,43,20,7
San Diego,2023-05-15,94785.96242209,11.459376601562472,19,135,44,20,7
San Diego,2023-05-17,126954.32679498602,11.751582669222255,19,137,46,20,7
San Diego,2023-05-21,58518.379772480796,10.977096168019417,19,141,50,21,8
San Diego,2023-05-22,62039.27598492291,11.035522947088964,19,142,51,21,8
San Francisco,2023-04-01,130386.80602832697,11.778260742591208,20,91,1,13,1
San Francisco,2023-04-02,244188.43953882373,12.405695499402304,20,92,2,14,2
San Francisco,2023-04-03,233592.775564176,12.361334602934756,20,93,3,14,2
San Francisco,2023-04-04,146611.18853566376,11.89553938568387,20,94,4,14,2
San Francisco,2023-04-05,238132.88786023043,12.380584149186845,20,95,5,14,2
San Francisco,2023-04-06,1369040.900067634,14.129620979695483,20,96,6,14,2
San Francisco,2023-04-07,396781.27980354073,12.891140475365479,20,97,7,14,2
San Francisco,2023-04-08,300573.178097255,12.613446524433257,20,98,8,14,2
San Francisco,2023-04-09,229042.12551361878,12.341661219826818,20,99,9,15,3
San Francisco,2023-04-10,202880.55005716573,12.22037266147124,20,100,10,15,3
San Francisco,2023-04-11,216743.76735540753,12.286471139237003,20,101,11,15,3
San Francisco,2023-04-12,216516.75700384748,12.285423222985369,20,102,12,15,3
San Francisco,2023-04-13,149282.22937220352,11.913593950135008,20,103,13,15,3
San Francisco,2023-04-14,400516.5264305454,12.900510309134939,20,104,14,15,3
San Francisco,2023-04-15,184576.16221540648,12.1258174606184,20,105,15,15,3
San Francisco,2023-04-16,249653.23036978248,12.427828155439602,20,106,16,16,4
San Francisco,2023-04-17,184161.660547242,12.123569240787571,20,107,17,16,4
San Francisco,2023-04-18,201930.87659900897,12.215680722766843,20,108,18,16,4
San Francisco,2023-04-19,155616.33975339436,11.955148896481733,20,109,19,16,4
San Francisco,2023-04-20,253257.33270302298,12.442161376096589,20,110,20,16,4
San Francisco,2023-04-21,172793.30355746875,12.059851382040248,20,111,21,16,4
San Francisco,2023-04-22,145039.75987270114,11.884763189833741,20,112,22,16,4
San Francisco,2023-04-23,339832.04602248606,12.736206792256093,20,113,23,17,5
San Francisco,2023-04-24,226822.64660963425,12.331923698626943,20,114,24,17,5
San Francisco,2023-04-25,123697.00702952631,11.725590362691959,20,115,25,17,5
San Francisco,2023-04-26,168490.49739010638,12.034634631873336,20,116,26,17,5
San Francisco,2023-04-27,135685.7247765883,11.818096643359297,20,117,27,17,5
San Francisco,2023-04-28,148186.32339739674,11.90622570281772,20,118,28,17,5
San Francisco,2023-04-29,146131.715409884,11.892263654330092,20,119,29,17,5
San Francisco,2023-04-30,217391.63676943624,12.289455783607462,20,120,30,18,6
San Francisco,2023-05-01,221387.0324238249,12.307667726736572,20,121,31,18,6
San Francisco,2023-05-02,144623.2973529245,11.881887691586051,20,122,32,18,6
San Francisco,2023-05-03,170844.70235472836,12.048510249481355,20,123,33,18,6
San Francisco,2023-05-04,281958.9459191853,12.549516757475324,20,124,34,18,6
San Francisco,2023-05-05,103418.76646590151,11.546541718455966,20,125,35,18,6
San Francisco,2023-05-06,52537.84766048586,10.869289096669272,20,126,36,18,6
San Francisco,2023-05-07,128832.30562834177,11.76626688129811,20,127,37,19,7
San Francisco,2023-05-08,181152.57927669937,12.107094934569634,20,128,38,19,7
San Francisco,2023-05-09,114178.81052725727,11.64552101194128,20,129,39,19,7
San Francisco,2023-05-10,182987.88991892192,12.117175254327439,20,130,40,19,7
San Francisco,2023-05-11,253745.10335485823,12.44408551202823,20,131,41,19,7
San Francisco,2023-05-12,178858.60786437299,12.094350872488315,20,132,42,19,7
San Francisco,2023-05-13,76110.29175668498,11.239938774609563,20,133,43,19,7
San Francisco,2023-05-14,157847.40221778923,11.969384036567149,20,134,44,20,8
San Francisco,2023-05-15,222712.5607371255,12.313637253707574,20,135,45,20,8
San Francisco,2023-05-16,139671.75957073556,11.84705037427828,20,136,46,20,8
San Francisco,2023-05-17,227814.11775787838,12.33628530242905,20,137,47,20,8
San Francisco,2023-05-18,153396.22277015424,11.940779544210269,20,138,48,20,8
San Francisco,2023-05-19,110171.57119801093,11.609794167810076,20,139,49,20,8
San Francisco,2023-05-20,121887.952011614,11.710857475569389,20,140,50,20,8
San Francisco,2023-05-21,118595.91527688815,11.683477323779702,20,141,51,21,9
San Francisco,2023-05-22,194250.850969275,12.176905649014508,20,142,52,21,9
San Francisco,2023-05-23,164524.65437533177,12.010815712579562,20,143,53,21,9
San Francisco,2023-05-24,149134.526665749,11.912604041119998,20,144,54,21,9
San Francisco,2023-05-25,75091.95864478429,11.226468756716784,20,145,55,21,9
San Francisco,2023-05-26,102039.0672713472,11.533111031400047,20,146,56,21,9
San Joaquin,2023-04-03,617675.2636205661,13.333718134938414,21,93,1,14,1
San Joaquin,2023-04-04,771216.2076650804,13.555724038220863,21,94,2,14,1
San Joaquin,2023-04-09,593897.105402691,13.294461360112113,21,99,7,15,2
San Joaquin,2023-04-10,401903.1361485036,12.903966383712405,21,100,8,15,2
San Joaquin,2023-04-11,439495.19758970116,12.993382069061779,21,101,9,15,2
San Joaquin,2023-04-16,633529.168098028,13.359061320458498,21,106,14,16,3
San Joaquin,2023-04-17,431648.7998710399,12.975367573330926,21,107,15,16,3
San Joaquin,2023-04-18,601959.9850678244,13.307946252094728,21,108,16,16,3
San Joaquin,2023-04-23,287293.30651149305,12.568258946789587,21,113,21,17,4
San Joaquin,2023-04-24,383677.8735083731,12.857558608448684,21,114,22,17,4
San Joaquin,2023-04-25,364325.11979333335,12.805801934210828,21,115,23,17,4
San Joaquin,2023-04-30,377869.938626405,12.842305337685485,21,120,28,18,5
San Joaquin,2023-05-01,679007.6618064537,13.428387690433656,21,121,29,18,5
San Joaquin,2023-05-02,296275.506393191,12.599045065255057,21,122,30,18,5
San Joaquin,2023-05-03,519093.943924777,13.159840155256758,21,123,31,18,5
San Joaquin,2023-05-07,603181.577127286,13.309973553311735,21,127,35,19,6
San Joaquin,2023-05-08,397935.65604193084,12.894045602960501,21,128,36,19,6
San Joaquin,2023-05-09,410729.69255989,12.925690594774437,21,129,37,19,6
San Joaquin,2023-05-14,377858.381578448,12.842274752493296,21,134,42,20,7
San Joaquin,2023-05-15,254576.4737133917,12.447356555939507,21,135,43,20,7
San Joaquin,2023-05-16,287255.62968978693,12.568127794090882,21,136,44,20,7
San Luis Obispo,2023-04-03,149251.591982888,11.913388697749975,22,93,1,14,1
San Luis Obispo,2023-04-04,54140.931986750395,10.899345777404138,22,94,2,14,1
San Luis Obispo,2023-04-06,109556.43229667499,11.604195058924518,22,96,4,14,1
San Luis Obispo,2023-04-10,211977.344111665,12.264234680545616,22,100,8,15,2
San Luis Obispo,2023-04-11,187061.16094932103,12.139190906263098,22,101,9,15,2
San Luis Obispo,2023-04-13,213851.63023671202,12.273037736897974,22,103,11,15,2
San Luis Obispo,2023-04-17,188124.92855659997,12.144861534719624,22,107,15,16,3
San Luis Obispo,2023-04-18,63885.6804970874,11.064850522875828,22,108,16,16,3
San Luis Obispo,2023-04-20,45156.994986666694,10.717900474567479,22,110,18,16,3
San Luis Obispo,2023-04-24,159938.94424189502,11.982547422900577,22,114,22,17,4
San Luis Obispo,2023-04-25,154202.75284111506,11.946023592358726,22,115,23,17,4
San Luis Obispo,2023-04-27,151815.696017927,11.930422537925907,22,117,25,17,4
San Luis Obispo,2023-05-01,113474.044770555,11.639329409316598,22,121,29,18,5
San Luis Obispo,2023-05-02,146292.24890980404,11.893361604810453,22,122,30,18,5
San Luis Obispo,2023-05-04,96140.32998039221,11.47356417373239,22,124,32,18,5
San Luis Obispo,2023-05-08,263200.19992643694,12.480670238031935,22,128,36,19,6
San Luis Obispo,2023-05-09,399589.82812436996,12.898193870288328,22,129,37,19,6
San Luis Obispo,2023-05-11,185793.44222308302,12.132390809922438,22,131,39,19,6
San Luis Obispo,2023-05-15,146876.32381542798,11.897346177051366,22,135,43,20,7
San Luis Obispo,2023-05-16,118008.1385873,11.67850887214822,22,136,44,20,7
San Luis Obispo,2023-05-18,198264.942646409,12.197359509400263,22,138,46,20,7
San Luis Obispo,2023-05-22,29335.914500570296,10.286567795258582,22,142,50,21,8
San Luis Obispo,2023-05-23,237967.31296525302,12.379888602739413,22,143,51,21,8
San Luis Obispo,2023-05-25,124669.311747227,11.733420004727224,22,145,53,21,8
San Mateo,2023-04-01,85533.31146772501,11.356661186857085,23,91,1,13,1
San Mateo,2023-04-02,218576.7490034377,12.29489248586284,23,92,2,14,2
San Mateo,2023-04-03,97954.86501887026,11.492262090529966,23,93,3,14,2
San Mateo,2023-04-04,84855.97368522159,11.348710671074265,23,94,4,14,2
San Mateo,2023-04-05,156829.7657101409,11.962916201217649,23,95,5,14,2
San Mateo,2023-04-06,75628.99880237448,11.233595070660831,23,96,6,14,2
San Mateo,2023-04-07,287047.1842980535,12.5674018864484,23,97,7,14,2
San Mateo,2023-04-08,297297.58536895004,12.602488887086237,23,98,8,14,2
San Mateo,2023-04-09,84897.2647936825,11.349197154980496,23,99,9,15,3
San Mateo,2023-04-10,120253.16865550939,11.697354538186405,23,100,10,15,3
San Mateo,2023-04-11,145833.98606930798,11.890224172005507,23,101,11,15,3
San Mateo,2023-04-12,278276.20483026665,12.53636944199096,23,102,12,15,3
San Mateo,2023-04-13,120969.22515273695,11.703291454648904,23,103,13,15,3
San Mateo,2023-04-14,281035.39327618026,12.546235895103756,23,104,14,15,3
San Mateo,2023-04-15,90336.4073206221,11.411295839994322,23,105,15,15,3
San Mateo,2023-04-16,341660.52959144406,12.74157291955383,23,106,16,16,4
San Mateo,2023-04-17,86495.42069047828,11.367846751524128,23,107,17,16,4
San Mateo,2023-04-18,157825.173782069,11.969243204341312,23,108,18,16,4
San Mateo,2023-04-19,160833.03859982564,11.988122078551445,23,109,19,16,4
San Mateo,2023-04-20,101306.96856651599,11.525910479248012,23,110,20,16,4
San Mateo,2023-04-21,103576.99993245522,11.548070575786028,23,111,21,16,4
San Mateo,2023-04-22,326246.68015918694,12.695409061809986,23,112,22,16,4
San Mateo,2023-04-23,235896.3164690581,12.371147650475457,23,113,23,17,5
San Mateo,2023-04-24,108866.21539102291,11.597875025627681,23,114,24,17,5
San Mateo,2023-04-25,58997.99114178229,10.985258673863827,23,115,25,17,5
San Mateo,2023-04-26,113011.37388753459,11.635243746501205,23,116,26,17,5
San Mateo,2023-04-27,186136.20257188205,12.13423395660693,23,117,27,17,5
San Mateo,2023-04-28,126939.70502101623,11.751467489090755,23,118,28,17,5
San Mateo,2023-04-29,154571.916160627,11.948414743787046,23,119,29,17,5
San Mateo,2023-04-30,123906.17476446902,11.727279903053951,23,120,30,18,6
San Mateo,2023-05-01,154540.27068423424,11.948209993034082,23,121,31,18,6
San Mateo,2023-05-02,85938.2843769365,11.361384694096635,23,122,32,18,6
San Mateo,2023-05-03,74845.21445161208,11.22317745262163,23,123,33,18,6
San Mateo,2023-05-04,139096.86846560598,11.84292586482998,23,124,34,18,6
San Mateo,2023-05-05,278358.259409032,12.536664265918084,23,125,35,18,6
San Mateo,2023-05-06,60306.325238353005,11.007192273372484,23,126,36,18,6
San Mateo,2023-05-07,611308.8446362112,13.323357584481117,23,127,37,19,7
San Mateo,2023-05-08,131819.44518904647,11.789188425745225,23,128,38,19,7
San Mateo,2023-05-09,130269.80916404702,11.777363033764207,23,129,39,19,7
San Mateo,2023-05-10,132381.5704596544,11.793443716872332,23,130,40,19,7
San Mateo,2023-05-11,71045.5550921925,11.171076571289488,23,131,41,19,7
San Mateo,2023-05-12,111804.09067830253,11.624503428285129,23,132,42,19,7
San Mateo,2023-05-13,48606.1810213508,10.791505983310978,23,133,43,19,7
San Mateo,2023-05-14,43681.3014146566,10.684675404266534,23,134,44,20,8
San Mateo,2023-05-15,116368.211955535,11.664514683817238,23,135,45,20,8
San Mateo,2023-05-16,15199.6719528647,9.629029124553098,23,136,46,20,8
San Mateo,2023-05-17,91432.97205696779,11.423361436995325,23,137,47,20,8
San Mateo,2023-05-18,37470.2042565611,10.531301342975466,23,138,48,20,8
San Mateo,2023-05-19,68280.6049743148,11.131381037067058,23,139,49,20,8
San Mateo,2023-05-20,81977.2145711158,11.314196616549113,23,140,50,20,8
San Mateo,2023-05-21,60379.380434789906,11.008402942108315,23,141,51,21,9
San Mateo,2023-05-22,56364.911437232935,10.939602106240512,23,142,52,21,9
San Mateo,2023-05-23,38814.283297619695,10.566543584096841,23,143,53,21,9
San Mateo,2023-05-24,308726.970835661,12.64021257575595,23,144,54,21,9
San Mateo,2023-05-25,186666.06577892703,12.137076554996579,23,145,55,21,9
San Mateo,2023-05-26,164248.20843921602,12.00913402876357,23,146,56,21,9
Santa Barbara,2023-04-03,37993.890101960795,10.545180638990436,24,93,1,14,1
Santa Barbara,2023-04-05,186481.45669818198,12.13608708523094,24,95,3,14,1
Santa Barbara,2023-04-06,198512.558628235,12.198607644756608,24,96,4,14,1
Santa Barbara,2023-04-10,185044.33439456997,12.12835072072615,24,100,8,15,2
Santa Barbara,2023-04-12,119127.76858466999,11.68795188169101,24,102,10,15,2
Santa Barbara,2023-04-14,36463.790879174405,10.5040750164749,24,104,12,15,2
Santa Barbara,2023-04-17,185288.225183193,12.12966786564131,24,107,15,16,3
Santa Barbara,2023-04-19,776973.693445378,13.563161772206982,24,109,17,16,3
Santa Barbara,2023-04-21,665259.4570414061,13.407932404509515,24,111,19,16,3
Santa Barbara,2023-04-24,392408.29697429197,12.880058150624865,24,114,22,17,4
Santa Barbara,2023-04-26,199612.407983193,12.204132805171838,24,116,24,17,4
Santa Barbara,2023-04-28,220885.32301500998,12.305398945439924,24,118,26,17,4
Santa Barbara,2023-05-01,181626.423709804,12.109707239574437,24,121,29,18,5
Santa Barbara,2023-05-03,141063.162823529,11.856963032342145,24,123,31,18,5
Santa Barbara,2023-05-05,20939.1444518687,9.949375626468015,24,125,33,18,5
Santa Barbara,2023-05-08,57435.994805477305,10.958426472974075,24,128,36,19,6
Santa Barbara,2023-05-10,47858.46813343451,10.776003353708887,24,130,38,19,6
Santa Barbara,2023-05-12,101584.356692109,11.528644832706131,24,132,40,19,6
Santa Barbara,2023-05-15,102466.895627556,11.537295055907464,24,135,43,20,7
Santa Barbara,2023-05-19,40053.649946161495,10.597975083079605,24,139,47,20,7
Santa Barbara,2023-05-22,153658.681781961,11.942489069587229,24,142,50,21,8
Santa Barbara,2023-05-24,371994.93487339804,12.82663551723086,24,144,52,21,8
Santa Clara,2023-04-01,213884.99000978735,12.27319371967599,25,91,1,13,1
Santa Clara,2023-04-02,195351.7818957785,12.182557221996662,25,92,2,14,2
Santa Clara,2023-04-03,157400.90037289495,11.966551335234307,25,93,3,14,2
Santa Clara,2023-04-04,280592.55443234136,12.54465891184493,25,94,4,14,2
Santa Clara,2023-04-05,254377.1453191952,12.446573268830686,25,95,5,14,2
Santa Clara,2023-04-06,354756.6665571002,12.779187387113794,25,96,6,14,2
Santa Clara,2023-04-07,224848.95074497495,12.32318412572132,25,97,7,14,2
Santa Clara,2023-04-08,187623.77490873836,12.142194039447363,25,98,8,14,2
Santa Clara,2023-04-09,176880.06919621315,12.083227206735533,25,99,9,15,3
Santa Clara,2023-04-10,361879.0973526824,12.799065449808841,25,100,10,15,3
Santa Clara,2023-04-11,611794.1809811308,13.32415119934467,25,101,11,15,3
Santa Clara,2023-04-12,149581.8960311259,11.915599321364787,25,102,12,15,3
Santa Clara,2023-04-13,215708.9687941673,12.28168541145797,25,103,13,15,3
Santa Clara,2023-04-14,226003.5469978794,12.328305972812146,25,104,14,15,3
Santa Clara,2023-04-15,186606.27992995558,12.136756221330451,25,105,15,15,3
Santa Clara,2023-04-16,134674.36456235303,11.810615029233189,25,106,16,16,4
Santa Clara,2023-04-17,148591.7131186781,11.908957643349275,25,107,17,16,4
Santa Clara,2023-04-18,120888.9904974181,11.702627969573182,25,108,18,16,4
Santa Clara,2023-04-19,212924.42835214487,12.2686925852676,25,109,19,16,4
Santa Clara,2023-04-20,121060.96839311064,11.704049568695947,25,110,20,16,4
Santa Clara,2023-04-21,105133.95096234705,11.56299053954683,25,111,21,16,4
Santa Clara,2023-04-22,145473.3822750171,11.887748409167575,25,112,22,16,4
Santa Clara,2023-04-23,82292.56718099928,11.318036068868519,25,113,23,17,5
Santa Clara,2023-04-24,137098.56240533415,11.828455379757532,25,114,24,17,5
Santa Clara,2023-04-25,179075.57150583845,12.095563182910414,25,115,25,17,5
Santa Clara,2023-04-26,321621.9769814824,12.68113215033733,25,116,26,17,5
Santa Clara,2023-04-27,138876.12883758193,11.84133765535233,25,117,27,17,5
Santa Clara,2023-04-28,160387.52182781455,11.985348177297503,25,118,28,17,5
Santa Clara,2023-04-29,342148.13500892266,12.742999065566204,25,119,29,17,5
Santa Clara,2023-04-30,132030.00309195498,11.790784471891826,25,120,30,18,6
Santa Clara,2023-05-01,111828.14856957081,11.624718584127079,25,121,31,18,6
Santa Clara,2023-05-02,335150.7893646879,12.722335827041238,25,122,32,18,6
Santa Clara,2023-05-03,355209.02715830354,12.78046170407424,25,123,33,18,6
Santa Clara,2023-05-04,284142.72399495536,12.557231940185758,25,124,34,18,6
Santa Clara,2023-05-05,428331.68756043765,12.967653145364615,25,125,35,18,6
Santa Clara,2023-05-06,404271.1987399794,12.909841215742807,25,126,36,18,6
Santa Clara,2023-05-07,190889.14022504835,12.159448120851321,25,127,37,19,7
Santa Clara,2023-05-08,137996.79447436996,11.834985735422963,25,128,38,19,7
Santa Clara,2023-05-09,355377.1299075927,12.780934842343973,25,129,39,19,7
Santa Clara,2023-05-10,348872.3859045556,12.762461477882011,25,130,40,19,7
Santa Clara,2023-05-11,340151.71222514904,12.737147009496093,25,131,41,19,7
Santa Clara,2023-05-12,255243.239452922,12.449972249693475,25,132,42,19,7
Santa Clara,2023-05-13,155054.99265989868,11.951535124331999,25,133,43,19,7
Santa Clara,2023-05-14,357009.339068878,12.785517220276414,25,134,44,20,8
Santa Clara,2023-05-15,314050.51002333907,12.657309111900757,25,135,45,20,8
Santa Clara,2023-05-16,182915.38809397788,12.116778964759952,25,136,46,20,8
Santa Clara,2023-05-17,253807.5715102378,12.444331666403091,25,137,47,20,8
Santa Clara,2023-05-18,243370.43594551025,12.402339989321504,25,138,48,20,8
Santa Clara,2023-05-19,194466.07504011062,12.178013005439853,25,139,49,20,8
Santa Clara,2023-05-20,165523.89205727962,12.016870826263801,25,140,50,20,8
Santa Clara,2023-05-21,194943.19377975946,12.180463481155781,25,141,51,21,9
Santa Clara,2023-05-22,116307.59281749888,11.66399362285461,25,142,52,21,9
Santa Clara,2023-05-23,146734.338338533,11.896379008577842,25,143,53,21,9
Santa Clara,2023-05-24,145486.36936770825,11.887837679883722,25,144,54,21,9
Santa Clara,2023-05-25,155928.0944857158,11.95715024718563,25,145,55,21,9
Santa Clara,2023-05-26,137124.74071525363,11.828646306711596,25,146,56,21,9
Santa Cruz,2023-04-02,162612.76913905615,11.999127004002956,26,92,1,14,1
Santa Cruz,2023-04-04,118760.30088520102,11.684862462431248,26,94,3,14,1
Santa Cruz,2023-04-06,107833.89642478904,11.588347326109563,26,96,5,14,1
Santa Cruz,2023-04-09,242111.00102355517,12.397151581891947,26,99,8,15,2
Santa Cruz,2023-04-11,276143.848184358,12.528677198001196,26,101,10,15,2
Santa Cruz,2023-04-13,299344.298896963,12.609349691231312,26,103,12,15,2
Santa Cruz,2023-04-16,142590.32720887894,11.867730953026873,26,106,15,16,3
Santa Cruz,2023-04-18,65935.65347569676,11.09643459810035,26,108,17,16,3
Santa Cruz,2023-04-20,59866.6418697557,10.999874731979741,26,110,19,16,3
Santa Cruz,2023-04-23,64785.69906627195,11.07884016456226,26,113,22,17,4
Santa Cruz,2023-04-25,54876.73394582776,10.912844747979907,26,115,24,17,4
Santa Cruz,2023-04-27,47829.76433159805,10.775403409453299,26,117,26,17,4
Santa Cruz,2023-04-30,62101.46560760575,11.036524868409675,26,120,29,18,5
Santa Cruz,2023-05-02,171954.1152089375,12.054982948164538,26,122,31,18,5
Santa Cruz,2023-05-04,83280.49081369604,11.329969596807699,26,124,33,18,5
Santa Cruz,2023-05-07,93202.991124706,11.442535093771419,26,127,36,19,6
Santa Cruz,2023-05-09,42627.6232906263,10.6602577561672,26,129,38,19,6
Santa Cruz,2023-05-11,226314.8051213256,12.329682252023982,26,131,40,19,6
Santa Cruz,2023-05-14,147693.4852022832,11.902894359234438,26,134,43,20,7
Santa Cruz,2023-05-16,60960.38712254051,11.01797954077574,26,136,45,20,7
Santa Cruz,2023-05-18,70540.53937933777,11.163942850193157,26,138,47,20,7
Santa Cruz,2023-05-21,52786.3951431225,10.874008768748425,26,141,50,21,8
Santa Cruz,2023-05-23,33391.3111576471,10.416051000140591,26,143,52,21,8
Solano,2023-04-04,193047.014757879,12.17068903800317,27,94,1,14,1
Solano,2023-04-05,47258.491253038104,10.763387625835158,27,95,2,14,1
Solano,2023-04-06,72071.67031215692,11.185416323897416,27,96,3,14,1
Solano,2023-04-11,333529.66455624596,12.717487089576212,27,101,8,15,2
Solano,2023-04-12,89583.66006857141,11.402928217026325,27,102,9,15,2
Solano,2023-04-13,50881.7851023529,10.837260281957377,27,103,10,15,2
Solano,2023-04-18,173473.69805302,12.063781270640984,27,108,15,16,3
Solano,2023-04-19,133567.40166089998,11.802361510767788,27,109,16,16,3
Solano,2023-04-20,237275.74582565605,12.376978228290165,27,110,17,16,3
Solano,2023-04-25,35656.8977661449,10.481697892852857,27,115,22,17,4
Solano,2023-04-26,44336.6247990264,10.699566359366925,27,116,23,17,4
Solano,2023-04-27,98603.73823977589,11.49886445305435,27,117,24,17,4
Solano,2023-05-02,121984.36421298502,11.711648153313272,27,122,29,18,5
Solano,2023-05-03,91218.04851212619,11.421008056834992,27,123,30,18,5
Solano,2023-05-04,41974.67925902291,10.64482184067826,27,124,31,18,5
Solano,2023-05-09,96390.2660224837,11.476160500629831,27,129,36,19,6
Solano,2023-05-10,457589.918357454,13.033728687243519,27,130,37,19,6
Solano,2023-05-11,54176.930211298815,10.900010454958574,27,131,38,19,6
Solano,2023-05-16,86189.13631843141,11.364299419920991,27,136,43,20,7
Solano,2023-05-17,209236.88365882396,12.251222303753028,27,137,44,20,7
Solano,2023-05-18,181065.72617052202,12.106615372346877,27,138,45,20,7
Solano,2023-05-23,58411.9002437511,10.975274919354876,27,143,50,21,8
Solano,2023-05-24,110016.905634043,11.608389320548035,27,144,51,21,8
Sonoma,2023-04-03,188273.08478410475,12.145648766479118,28,93,1,14,1
Sonoma,2023-04-04,106586.11971764702,11.576708573208249,28,94,2,14,1
Sonoma,2023-04-05,215975.0999092559,12.28291840182337,28,95,3,14,1
Sonoma,2023-04-06,226752.92476036094,12.331616266506593,28,96,4,14,1
Sonoma,2023-04-07,105816.73866457501,11.569463996332601,28,97,5,14,1
Sonoma,2023-04-10,37218.87748571429,10.52457137084071,28,100,8,15,2
Sonoma,2023-04-11,129759.5604332875,11.773438481807185,28,101,9,15,2
Sonoma,2023-04-12,171321.12918343142,12.051295022785286,28,102,10,15,2
Sonoma,2023-04-13,139288.95574804643,11.844305872691137,28,103,11,15,2
Sonoma,2023-04-14,210740.34878248998,12.258382080189113,28,104,12,15,2
Sonoma,2023-04-17,135078.3480026524,11.813610244654601,28,107,15,16,3
Sonoma,2023-04-18,380836.78165019205,12.85012616770273,28,108,16,16,3
Sonoma,2023-04-19,141781.32790649717,11.862041205330003,28,109,17,16,3
Sonoma,2023-04-20,229725.42959446396,12.344640090405269,28,110,18,16,3
Sonoma,2023-04-21,195342.277252891,12.182508566826886,28,111,19,16,3
Sonoma,2023-04-24,107635.84586832167,11.586509011271163,28,114,22,17,4
Sonoma,2023-04-25,150369.04402367442,11.92084784500247,28,115,23,17,4
Sonoma,2023-04-26,117206.01907550698,11.671688512105856,28,116,24,17,4
Sonoma,2023-04-27,174535.09795137303,12.06988113479163,28,117,25,17,4
Sonoma,2023-04-28,112226.15991589503,11.6282713992251,28,118,26,17,4
Sonoma,2023-04-30,87455.17349970722,11.37888163821327,28,120,28,18,5
Sonoma,2023-05-01,84598.49533913868,11.345671759846772,28,121,29,18,5
Sonoma,2023-05-02,85127.15676026599,11.351901379521642,28,122,30,18,5
Sonoma,2023-05-03,191172.31366101987,12.160930466086329,28,123,31,18,5
Sonoma,2023-05-05,85894.71343841749,11.360877562870307,28,125,33,18,5
Sonoma,2023-05-06,75614.6376549526,11.23340516320024,28,126,34,18,5
Sonoma,2023-05-07,1436447.85188444,14.177683854538879,28,127,35,19,6
Sonoma,2023-05-08,54953.876663038805,10.914249506261212,28,128,36,19,6
Sonoma,2023-05-09,246517.11703843102,12.415186710372193,28,129,37,19,6
Sonoma,2023-05-10,70243.455264219,11.159722419357342,28,130,38,19,6
Sonoma,2023-05-12,18154.9985048902,9.806701201495924,28,132,40,19,6
Sonoma,2023-05-15,163495.31738590403,12.004539629067752,28,135,43,20,7
Sonoma,2023-05-16,48516.57039468806,10.789660676196334,28,136,44,20,7
Sonoma,2023-05-17,110220.51961951346,11.610238361811103,28,137,45,20,7
Sonoma,2023-05-18,46135.93359514132,10.739347395965734,28,138,46,20,7
Sonoma,2023-05-19,162036.53161882397,11.995577092612258,28,139,47,20,7
Sonoma,2023-05-20,109781.61673171198,11.606248369010487,28,140,48,20,7
Sonoma,2023-05-21,52909.7832586667,10.876343539474492,28,141,49,21,8
Sonoma,2023-05-23,52337.97997741631,10.865477581098174,28,143,51,21,8
Sonoma,2023-05-24,53478.0191831538,10.887025992069837,28,144,52,21,8
Sonoma,2023-05-25,43965.1628781177,10.691152846528581,28,145,53,21,8
Stanislaus,2023-04-03,192560.85467244594,12.168167510920545,29,93,1,14,1
Stanislaus,2023-04-05,23260.6609116177,10.054518839754008,29,95,3,14,1
Stanislaus,2023-04-07,21614.412058721202,9.981115596117457,29,97,5,14,1
Stanislaus,2023-04-10,74517.56879477132,11.218790199314446,29,100,8,15,2
Stanislaus,2023-04-12,78341.28516176471,11.2688300120095,29,102,10,15,2
Stanislaus,2023-04-14,51437.57628982491,10.848124240574096,29,104,12,15,2
Stanislaus,2023-04-17,77568.59985119238,11.25891798318913,29,107,15,16,3
Stanislaus,2023-04-19,104356.422812903,11.555567461285863,29,109,17,16,3
Stanislaus,2023-04-21,28460.644597828097,10.256277520643435,29,111,19,16,3
Stanislaus,2023-04-24,12003.3293258388,9.392939334109618,29,114,22,17,4
Stanislaus,2023-04-26,16204.2052015686,9.693026067879067,29,116,24,17,4
Stanislaus,2023-04-28,55269.4683985594,10.919975926517246,29,118,26,17,4
Stanislaus,2023-05-01,9707.593670732182,9.18066371087497,29,121,29,18,5
Stanislaus,2023-05-03,82454.21134934989,11.319998404298245,29,123,31,18,5
Stanislaus,2023-05-05,93667.82568944102,11.44751003347984,29,125,33,18,5
Stanislaus,2023-05-08,87379.5810823529,11.378016908288773,29,128,36,19,6
Stanislaus,2023-05-10,48269.0466066211,10.784545777198264,29,130,38,19,6
Stanislaus,2023-05-12,13835.341551546802,9.53498157941516,29,132,40,19,6
Stanislaus,2023-05-15,34958.79888668369,10.461925472391039,29,135,43,20,7
Stanislaus,2023-05-17,8146.3662254033125,9.005327244895227,29,137,45,20,7
Stanislaus,2023-05-19,8707.38321882353,9.07192659058818,29,139,47,20,7
Stanislaus,2023-05-22,33590.844102745104,10.422008811875148,29,142,50,21,8
Stanislaus,2023-05-24,14851.335824198599,9.60584509467667,29,144,52,21,8
Yolo,2023-04-03,40919.30747040632,10.619357295934234,30,93,1,14,1
Yolo,2023-04-05,158494.13433954038,11.973472864293173,30,95,3,14,1
Yolo,2023-04-07,336734.5404307468,12.727050185069569,30,97,5,14,1
Yolo,2023-04-10,138426.69678963182,11.83809619944253,30,100,8,15,2
Yolo,2023-04-12,294229.9264526413,12.59211680343317,30,102,10,15,2
Yolo,2023-04-14,52861.63086341766,10.875433040187415,30,104,12,15,2
Yolo,2023-04-17,117710.13102432144,11.675980364517125,30,107,15,16,3
Yolo,2023-04-19,28078.595974863536,10.242762855994489,30,109,17,16,3
Yolo,2023-04-21,309196.12841560633,12.641731074322077,30,111,19,16,3
Yolo,2023-04-24,41306.191720304145,10.628767688300634,30,114,22,17,4
Yolo,2023-04-26,35674.5800684205,10.482193671243396,30,116,24,17,4
Yolo,2023-04-28,47910.00782525582,10.777079693209565,30,118,26,17,4
Yolo,2023-04-29,8840.575714494678,9.087107279585137,30,119,27,17,4
Yolo,2023-05-01,48181.010169490335,10.782720242522133,30,121,29,18,5
Yolo,2023-05-03,67475.83177995012,11.119524765041795,30,123,31,18,5
Yolo,2023-05-05,64004.87271184886,11.06671449556624,30,125,33,18,5
Yolo,2023-05-08,27845.42668017234,10.234424019309934,30,128,36,19,6
Yolo,2023-05-10,395089.8771480423,12.886868555084273,30,130,38,19,6
Yolo,2023-05-12,38503.99649962032,10.558517320073433,30,132,40,19,6
Yolo,2023-05-15,104915.81018076478,11.560913499717614,30,135,43,20,7
Yolo,2023-05-17,30413.577788232647,10.322644425452165,30,137,45,20,7
Yolo,2023-05-19,72480.32284297346,11.191070394942226,30,139,47,20,7
Yolo,2023-05-22,17025.494778009273,9.74246719244619,30,142,50,21,8
Yolo,2023-05-24,70110.95294245998,11.157834308213333,30,144,52,21,8
